symbol,entry_date,entry_price,exit_date,exit_price,pnl_pct,hold_days
BND,2020-12-15,74.75770568847656,2020-12-16,74.68144226074219,-0.001020141362445939,1
BND,2020-12-24,74.84349060058594,2021-01-07,74.2822036743164,-0.007499475529073427,8
BND,2021-04-15,73.05713653564453,2021-05-17,72.76712036132812,-0.003969717238710931,22
BND,2021-05-24,72.95549011230469,2021-09-27,73.95520782470703,0.01370311831040295,87
BND,2021-11-05,74.19292449951172,2021-11-15,73.3199462890625,-0.011766326995978762,6
BND,2021-12-02,73.88614654541016,2021-12-29,73.45315551757812,-0.005860246447768345,18
BND,2022-07-13,66.38665771484375,2022-08-22,66.14929962158203,-0.003575388510764665,28
BND,2022-11-15,63.583740234375,2023-02-14,64.9765853881836,0.021905681368765816,61
BND,2023-03-15,65.7686996459961,2023-05-18,65.49055480957031,-0.004229136928704874,45
BND,2023-07-18,65.70785522460938,2023-07-28,65.30134582519531,-0.006186617993000838,8
BND,2023-11-07,63.803165435791016,2024-02-13,66.11261749267578,0.03619651221237459,66
BND,2024-03-06,67.13877868652344,2024-03-19,66.63064575195312,-0.00756839705027742,9
BND,2024-03-21,66.80619812011719,2024-04-03,66.61626434326172,-0.0028430562163404183,8
BND,2024-05-09,66.53047943115234,2024-10-08,69.86922454833984,0.0501836924329176,104
BND,2024-12-02,69.7123031616211,2024-12-18,68.54442596435547,-0.01675281326680625,12
BND,2025-01-29,68.90990447998047,2025-04-11,69.26022338867188,0.005083723614697217,51
BND,2025-04-28,70.54887390136719,2025-05-13,69.74382781982422,-0.011411182589086905,11
BND,2025-06-04,70.4101791381836,2025-11-18,73.06096649169922,0.03764778595880744,116
BND,2025-11-21,73.31676483154297,2025-12-15,73.15704345703125,-0.002178510943284312,15
BND,2025-12-16,73.29521942138672,2026-03-12,73.37007141113281,0.0010212397252780826,58
BTC,2024-09-20,27.899999618530273,2025-02-10,43.18000030517578,0.5476702829951663,96
BTC,2025-04-22,40.560001373291016,2025-08-25,49.06999969482422,0.2098125747879556,86
BTC,2025-09-16,51.77000045776367,2025-09-24,50.25,-0.029360642154209707,6
BTC,2025-10-01,52.04999923706055,2025-10-16,47.939998626708984,-0.07896254890672827,11
BTC,2026-01-13,41.81999969482422,2026-01-23,39.58000183105469,-0.05356283787937858,7
CHAT,2023-05-22,25.361421585083008,2023-05-23,24.8946475982666,-0.01840488259896881,1
CHAT,2023-05-26,26.431114196777344,2023-08-10,27.666122436523438,0.04672554590591849,51
CHAT,2023-09-06,27.987030029296875,2023-09-07,27.539703369140625,-0.01598335585047744,1
CHAT,2023-11-07,27.374387741088867,2024-04-12,33.50080490112305,0.223801066090638,107
CHAT,2024-05-13,33.62722396850586,2024-07-24,33.99674987792969,0.010988891315260332,49
CHAT,2024-08-23,34.88167953491211,2024-08-29,33.80226135253906,-0.030945132137134825,4
CHAT,2024-09-19,35.095619201660156,2025-02-25,38.645050048828125,0.10113600865033512,107
CHAT,2025-05-02,36.72932815551758,2025-11-14,58.83305358886719,0.6018004287951869,136
CHAT,2025-12-10,61.19609832763672,2025-12-12,57.99674606323242,-0.05228033080271459,2
CHAT,2026-01-02,60.38999938964844,2026-03-27,60.279998779296875,-0.0018215037500135811,58
DBB,2020-12-17,15.269391059875488,2020-12-22,14.82406997680664,-0.029164298780653467,3
DBB,2021-01-06,15.286519050598145,2021-01-14,15.012474060058594,-0.01792723311516939,6
DBB,2021-02-11,15.414978981018066,2021-06-17,16.69955825805664,0.08333318382207328,87
DBB,2021-07-26,17.641584396362305,2021-08-19,16.939348220825195,-0.03980573171658609,18
DBB,2021-08-27,17.65871238708496,2021-11-02,18.129728317260742,0.026673288507732183,46
DBB,2021-12-20,18.138290405273438,2022-04-26,20.87873077392578,0.15108592416491476,87
DBB,2022-08-10,17.37610626220703,2022-09-01,16.07439613342285,-0.07491379881897905,16
DBB,2022-11-08,16.305620193481445,2023-01-04,16.54540252685547,0.01470550218444816,38
DBB,2023-01-09,17.695110321044922,2023-02-13,17.721044540405273,0.0014656150139684527,24
DBB,2023-07-13,16.268783569335938,2023-08-14,15.516717910766602,-0.04622752865105783,22
DBB,2023-09-01,16.121826171875,2023-10-10,15.793339729309082,-0.020375262644809572,26
DBB,2023-11-02,15.966228485107422,2023-12-06,15.655030250549316,-0.0194910297599948,23
DBB,2023-12-18,16.402339935302734,2024-01-16,16.1885986328125,-0.013031146978620975,18
DBB,2024-01-26,16.523151397705078,2024-02-05,15.937684059143066,-0.03543315221594641,6
DBB,2024-03-05,16.170011520385742,2024-06-11,18.502582550048828,0.14425289844242742,68
DBB,2024-07-10,18.920774459838867,2024-07-12,18.855722427368164,-0.0034381273667619798,2
DBB,2024-08-22,18.168031692504883,2024-09-06,17.368824005126953,-0.043989778359294594,10
DBB,2024-09-13,18.27025604248047,2024-11-11,18.70703125,0.023906353939648035,41
DBB,2024-12-10,19.07875633239746,2024-12-16,18.632686614990234,-0.023380439984432302,4
DBB,2025-01-21,18.75931167602539,2025-01-28,18.15574073791504,-0.03217447145897799,5
DBB,2025-02-07,18.73984146118164,2025-04-01,18.53540802001953,-0.010909027250074655,36
DBB,2025-05-14,18.39911651611328,2026-03-19,22.950000762939453,0.2473425418465431,212
DBC,2020-12-15,12.521286010742188,2021-07-20,16.123659133911133,0.287699931147521,148
DBC,2021-07-23,16.66314125061035,2021-08-17,16.36729621887207,-0.01775445741525145,17
DBC,2021-08-31,16.689245223999023,2021-11-26,17.428863525390625,0.044317061165117,61
DBC,2021-12-28,18.168479919433594,2022-06-24,24.10282325744629,0.3266284997054228,123
DBC,2022-08-23,23.163074493408203,2022-09-02,22.04929542541504,-0.048084250141755824,8
DBC,2022-10-10,22.362546920776367,2022-10-19,21.60552406311035,-0.03385226469721517,7
DBC,2022-10-26,22.240726470947266,2022-11-23,21.736045837402344,-0.02269173330305459,20
DBC,2023-01-18,21.613422393798828,2023-02-03,20.668001174926758,-0.0437423190851683,12
DBC,2023-04-04,21.096940994262695,2023-04-27,20.431644439697266,-0.0315352142638289,16
DBC,2023-06-20,20.36161231994629,2023-06-28,19.69631576538086,-0.032674060585747594,6
DBC,2023-07-11,20.39662742614746,2023-10-04,20.983139038085938,0.028755323107319097,60
DBC,2023-10-19,22.164920806884766,2023-10-31,21.455852508544922,-0.03199056312980808,8
DBC,2024-01-26,20.76522445678711,2024-02-02,20.03049659729004,-0.03538261101034835,5
DBC,2024-03-07,20.425413131713867,2024-06-03,21.06829833984375,0.031474771353911864,60
DBC,2024-07-01,21.61016082763672,2024-07-16,21.17850685119629,-0.01997458417284881,10
DBC,2024-09-24,20.756040573120117,2024-10-29,20.351940155029297,-0.019469051270508023,25
DBC,2024-11-04,20.87543296813965,2024-11-11,20.33357048034668,-0.025956946072446314,5
DBC,2024-12-31,20.683862686157227,2025-03-05,21.157909393310547,0.02291867405746115,42
DBC,2025-03-25,21.506187438964844,2025-04-04,20.267866134643555,-0.057579768977447966,8
DBC,2025-05-21,20.70321273803711,2025-05-29,20.354934692382812,-0.01682241544156192,5
DBC,2025-06-03,20.76125717163086,2025-08-06,21.06116485595703,0.01444554546224588,44
DBC,2025-08-29,21.48683738708496,2025-10-15,21.457815170288086,-0.0013506974653384454,32
DBC,2025-10-23,22.096324920654297,2025-12-18,21.951210021972656,-0.006567377118264407,39
EEM,2020-12-15,44.918704986572266,2021-03-03,48.51362991333008,0.0800318025159554,52
EEM,2021-04-21,48.08650588989258,2021-05-11,47.659393310546875,-0.008882171233728151,14
EEM,2021-05-27,48.51362991333008,2021-07-07,48.046817779541016,-0.009622288305843645,27
EEM,2021-09-03,47.474830627441406,2021-09-20,44.67746353149414,-0.05892316115668944,10
EEM,2021-10-19,46.92072296142578,2021-11-04,45.562252044677734,-0.02895247197842339,12
EEM,2021-11-12,46.47385787963867,2021-11-19,45.508636474609375,-0.02076912589286425,5
EEM,2022-01-11,45.36871337890625,2022-01-25,43.73609924316406,-0.03598546253906455,9
EEM,2022-02-09,45.16917037963867,2022-02-14,43.88121795654297,-0.028513971194748473,3
EEM,2022-02-15,44.83357238769531,2022-02-22,43.56376266479492,-0.028322742428816428,4
EEM,2022-06-03,38.430076599121094,2022-06-13,36.30521011352539,-0.05529175774904126,6
EEM,2022-08-08,36.689388275146484,2022-08-30,35.939327239990234,-0.020443541591134783,16
EEM,2022-11-10,33.98182678222656,2023-02-17,36.849273681640625,0.08438177611198397,67
EEM,2023-04-03,36.719261169433594,2023-04-25,35.46556854248047,-0.03414264304415642,15
EEM,2023-05-22,36.49637985229492,2023-05-23,35.92989730834961,-0.015521609163372724,1
EEM,2023-06-05,36.70997619628906,2023-08-11,37.02565002441406,0.008599129196845157,47
EEM,2023-11-07,36.22074508666992,2024-01-17,35.93303298950195,-0.00794329593385017,47
EEM,2024-02-07,37.79262924194336,2024-04-16,37.89752197265625,0.00277548116701226,47
EEM,2024-04-29,39.64268112182617,2024-07-25,40.262081146240234,0.015624574496124024,60
EEM,2024-08-19,42.08650588989258,2024-09-06,40.11804962158203,-0.04677167245626081,13
EEM,2024-09-19,42.038490295410156,2024-10-31,42.68183898925781,0.015303801095775752,30
EEM,2025-01-29,41.48860168457031,2025-04-03,41.95729064941406,0.011296812758528237,45
EEM,2025-04-29,42.62126159667969,2025-11-20,52.360687255859375,0.2285109659902328,143
EEM,2025-12-08,53.84938049316406,2025-12-16,52.97999954223633,-0.016144678786752215,6
EEM,2025-12-23,54.310001373291016,2026-03-06,57.31999969482422,0.055422541804859594,49
EWH,2020-12-17,19.981002807617188,2020-12-21,19.71613311767578,-0.013256075908283853,2
EWH,2020-12-29,20.088603973388672,2021-06-15,22.362625122070312,0.11319956089004649,115
EWH,2021-10-26,20.73411750793457,2021-11-03,20.44031524658203,-0.01416999113852356,6
EWH,2022-01-14,20.310155868530273,2022-02-24,19.741504669189453,-0.027998367074175006,27
EWH,2022-04-04,19.597219467163086,2022-04-07,19.0115966796875,-0.02988295295956908,3
EWH,2022-05-27,18.78243637084961,2022-06-16,18.013431549072266,-0.040942761982191045,13
EWH,2022-06-28,18.969669342041016,2022-07-15,18.280487060546875,-0.036330748262794386,12
EWH,2022-11-14,16.6867618560791,2023-02-14,18.831375122070312,0.12852183572152517,62
EWH,2023-04-10,18.24643898010254,2023-04-25,17.58293342590332,-0.036363564141077685,11
EWH,2023-06-16,17.704395294189453,2023-06-22,17.340726852416992,-0.020541138837530146,3
EWH,2023-07-27,17.34959602355957,2023-08-08,16.710960388183594,-0.036809827416658746,8
EWH,2023-11-14,15.566739082336426,2023-11-30,14.910364151000977,-0.04216521699655374,11
EWH,2023-12-21,15.48916244506836,2024-01-09,14.879782676696777,-0.03934233180991683,11
EWH,2024-02-21,15.116260528564453,2024-03-07,14.670592308044434,-0.029482703058594566,11
EWH,2024-03-11,15.007115364074707,2024-03-21,14.6614990234375,-0.023030164841977056,8
EWH,2024-04-30,14.588736534118652,2024-06-11,14.84831428527832,0.017793024814218416,29
EWH,2024-08-16,14.550976753234863,2024-11-12,16.2327938079834,0.11558104196507951,61
EWH,2025-02-13,15.9605073928833,2025-04-04,15.533754348754883,-0.02673806249535054,35
EWH,2025-04-30,16.614858627319336,2025-10-10,20.01730728149414,0.2047834851017183,113
EWH,2025-10-28,21.19935417175293,2025-12-10,21.14122200012207,-0.002742167103765716,30
EWH,2025-12-19,21.610000610351562,2026-03-12,22.8799991607666,0.058769019645778624,55
FXA,2020-12-15,72.30242919921875,2021-02-02,72.64804077148438,0.004780082441121625,32
FXA,2021-02-09,73.96334838867188,2021-03-09,73.76172637939453,-0.002725971899187624,19
FXA,2021-03-11,74.5009765625,2021-03-23,72.86885070800781,-0.021907442422891898,8
FXA,2021-04-19,74.06893157958984,2021-05-28,73.57929992675781,-0.006610486237484115,29
FXA,2021-09-07,70.43030548095703,2021-09-16,69.52781677246094,-0.012813925799883247,7
FXA,2021-10-12,70.09430694580078,2021-11-11,69.48944091796875,-0.008629317475094425,22
FXA,2021-12-30,69.03820037841797,2022-01-07,68.39495086669922,-0.009317298368047209,6
FXA,2022-01-12,69.41263580322266,2022-01-21,68.37574005126953,-0.014938141160531819,6
FXA,2022-02-22,68.68299102783203,2022-04-22,68.87499237060547,0.0027954714828251122,42
FXA,2022-06-03,68.54857635498047,2022-06-13,65.86040496826172,-0.03921556842840892,6
FXA,2022-07-28,66.34040832519531,2022-08-23,65.88919830322266,-0.006801435706588679,18
FXA,2022-11-10,62.861671447753906,2023-02-21,65.21658325195312,0.03746180701154998,68
FXA,2023-04-20,64.20845031738281,2023-04-24,63.794525146484375,-0.006446584037652405,2
FXA,2023-05-08,64.65547943115234,2023-05-17,63.56678009033203,-0.016838469846621455,7
FXA,2023-06-09,64.33362579345703,2023-07-03,63.77641296386719,-0.008661299945673424,15
FXA,2023-07-12,64.88639068603516,2023-08-01,63.24646759033203,-0.02527376046601509,14
FXA,2023-11-03,62.45439910888672,2024-01-18,63.22465133666992,0.012333034001981182,50
FXA,2024-03-08,63.84293746948242,2024-03-26,63.024688720703125,-0.012816589919134409,12
FXA,2024-04-05,63.517433166503906,2024-04-12,62.38597869873047,-0.017813290168817986,5
FXA,2024-05-02,63.470703125,2024-07-24,63.84992980957031,0.005974830368957134,56
FXA,2024-08-19,65.3652572631836,2024-10-15,65.20011901855469,-0.0025263917185241297,40
FXA,2025-02-11,61.627872467041016,2025-03-03,60.90570831298828,-0.011718141891705777,13
FXA,2025-03-05,62.112552642822266,2025-03-31,61.251930236816406,-0.013855853114826268,18
FXA,2025-04-16,62.510658264160156,2025-07-31,63.222599029541016,0.01138911003580078,72
FXA,2025-08-13,64.41787719726562,2025-08-18,63.950504302978516,-0.0072553290270010356,3
FXA,2025-08-29,64.46760559082031,2025-10-10,63.91522216796875,-0.008568387452724282,29
FXA,2025-12-02,64.85186767578125,2026-03-25,68.83000183105469,0.06134185949989318,77
FXB,2020-12-15,118.59902954101562,2021-03-24,120.55134582519531,0.016461486166752397,67
FXB,2021-04-20,122.71347045898438,2021-06-17,122.5036392211914,-0.001709928315189346,41
FXB,2021-08-04,122.12962341308594,2021-08-10,121.65526580810547,-0.0038840503370424894,4
FXB,2021-09-13,121.6004867553711,2021-09-17,120.75204467773438,-0.006977291787849222,4
FXB,2021-10-19,121.16259002685547,2021-11-03,120.12258911132812,-0.008583515054414315,11
FXB,2021-12-29,118.3891830444336,2022-01-31,117.96041107177734,-0.003621715782051846,22
FXB,2022-02-02,119.09165954589844,2022-02-25,117.71409606933594,-0.011567254011029891,16
FXB,2022-08-03,106.41983032226562,2022-08-09,105.79033660888672,-0.005915191853554391,4
FXB,2022-08-10,107.13142395019531,2022-08-17,105.64435577392578,-0.013880784194195528,5
FXB,2022-10-26,102.09803771972656,2023-02-08,106.44666290283203,0.04259264213327053,71
FXB,2023-03-17,107.38280487060547,2023-05-25,109.23506164550781,0.01724910032974351,48
FXB,2023-06-02,110.49152374267578,2023-06-06,110.22370910644531,-0.0024238477953673937,2
FXB,2023-06-07,110.35296630859375,2023-08-09,113.50218963623047,0.028537731544344292,43
FXB,2023-11-06,110.98274993896484,2024-02-07,114.50104522705078,0.03170128051450185,63
FXB,2024-02-23,115.05760192871094,2024-03-28,114.97724914550781,-0.0006983700499243079,24
FXB,2024-05-13,114.81392669677734,2024-08-07,116.94861602783203,0.018592599281900574,59
FXB,2024-08-13,118.64562225341797,2024-10-11,121.03591918945312,0.020146524504120893,42
FXB,2025-02-05,116.90863800048828,2025-02-10,115.6532211303711,-0.010738444066998233,3
FXB,2025-02-11,116.4415054321289,2025-07-16,126.89360046386719,0.08976262367056538,106
FXB,2025-08-13,128.60760498046875,2025-09-26,127.3868179321289,-0.00949233949676025,31
FXB,2025-12-03,127.36863708496094,2026-02-24,129.43971252441406,0.01626048206884415,55
FXE,2020-12-15,108.70934295654297,2021-01-15,107.88153076171875,-0.007614913054484565,21
FXE,2021-04-16,106.7587661743164,2021-06-16,106.81585693359375,0.0005347641352853928,42
FXE,2021-09-03,105.47423553466797,2021-09-16,104.4085464477539,-0.010103785834634324,8
FXE,2022-01-12,101.26860046386719,2022-01-24,100.0792007446289,-0.011745000067051002,7
FXE,2022-02-07,101.10682678222656,2022-02-23,99.80326080322266,-0.01289295708796845,11
FXE,2022-06-02,94.64611053466797,2022-06-10,92.619384765625,-0.021413724849269938,6
FXE,2022-10-26,88.4898681640625,2022-11-03,85.60682678222656,-0.03258046872090152,6
FXE,2022-11-04,87.42422485351562,2023-02-16,93.82064056396484,0.07316525506707992,70
FXE,2023-03-21,94.74468994140625,2023-05-17,95.56918334960938,0.008702265094888414,40
FXE,2023-06-16,96.56642150878906,2023-08-09,97.16783142089844,0.006227940341090896,36
FXE,2023-11-03,95.46871948242188,2024-01-23,97.04248809814453,0.016484651980824206,53
FXE,2024-02-28,97.18672943115234,2024-03-28,96.9103012084961,-0.0028443000837071425,21
FXE,2024-04-09,97.61830139160156,2024-04-10,96.61524200439453,-0.010275321050539483,1
FXE,2024-05-09,97.11294555664062,2024-06-14,96.65099334716797,-0.004756855090995309,25
FXE,2024-07-05,97.99165344238281,2024-10-07,99.67488861083984,0.017177332041312485,65
FXE,2025-01-28,95.29900360107422,2025-02-03,94.08561706542969,-0.012732415762958239,4
FXE,2025-02-13,95.64032745361328,2025-07-31,104.74007415771484,0.09514549925098333,115
FXE,2025-08-12,107.2121353149414,2025-10-08,106.86183166503906,-0.003267388051486037,40
FXE,2025-12-03,107.35820770263672,2026-01-13,107.27384948730469,-0.0007857640057264053,27
FXE,2026-01-22,108.24207305908203,2026-03-02,107.7942886352539,-0.004136879599337586,26
FXI,2020-12-15,40.608882904052734,2020-12-24,40.03755187988281,-0.01406911452156453,7
FXI,2020-12-30,41.28733825683594,2021-03-02,44.09933853149414,0.06810805426994608,41
FXI,2021-06-01,42.35857391357422,2021-06-16,40.1960563659668,-0.051052652339516606,11
FXI,2021-06-25,42.193321228027344,2021-07-06,39.60493469238281,-0.061345882720537516,6
FXI,2021-09-09,37.25837326049805,2021-09-14,36.308998107910156,-0.02548085355069525,3
FXI,2021-10-15,36.45230484008789,2021-11-05,35.23424530029297,-0.033415158386785423,15
FXI,2021-11-12,37.0971565246582,2021-11-23,35.628318786621094,-0.03959434834475208,7
FXI,2022-01-18,34.14675521850586,2022-01-28,32.78813934326172,-0.03978755423612952,8
FXI,2022-02-01,34.590579986572266,2022-02-22,32.36243438720703,-0.06441480889392949,14
FXI,2022-05-31,28.8571834564209,2022-07-15,28.226051330566406,-0.021870884482111903,31
FXI,2022-11-15,24.478343963623047,2023-02-15,27.978187561035156,0.14297713940996915,62
FXI,2023-03-31,27.430139541625977,2023-04-21,26.380495071411133,-0.03826610027345942,14
FXI,2023-06-14,26.573143005371094,2023-06-23,25.09737777709961,-0.055535968326110144,6
FXI,2023-07-13,26.90005111694336,2023-08-15,25.414945602416992,-0.05520827852966247,23
FXI,2023-11-15,25.414945602416992,2023-11-28,24.013900756835938,-0.05512680874862127,8
FXI,2024-02-20,21.958742141723633,2024-06-12,25.38302993774414,0.15594189202276962,79
FXI,2024-07-12,26.161531448364258,2024-07-17,25.229251861572266,-0.03563551272340682,3
FXI,2024-08-21,25.24847412109375,2024-09-09,24.527639389038086,-0.028549635459096723,12
FXI,2024-09-18,25.171586990356445,2024-11-13,29.092931747436523,0.15578456608963095,40
FXI,2024-12-09,32.00510787963867,2024-12-20,29.674602508544922,-0.07281666975965402,9
FXI,2024-12-23,29.947742462158203,2025-01-02,29.157588958740234,-0.02638440959001842,6
FXI,2025-01-24,30.552549362182617,2025-04-04,31.93775749206543,0.04533854486124806,49
FXI,2025-05-06,34.40576171875,2025-10-15,39.372615814208984,0.14436111416630004,112
FXI,2025-10-24,40.11456298828125,2025-11-03,39.40229797363281,-0.017755771510124963,6
FXI,2025-11-11,40.32230758666992,2025-11-18,39.085731506347656,-0.03066729446632819,5
FXI,2026-01-05,39.93000030517578,2026-02-04,38.27000045776367,-0.041572748177438355,21
FXY,2020-12-15,91.12000274658203,2021-01-13,90.87000274658203,-0.0027436346846398405,19
FXY,2021-04-22,87.2300033569336,2021-04-30,86.19999694824219,-0.011807937281358993,6
FXY,2021-07-19,85.98999786376953,2021-07-23,85.11000061035156,-0.010233716423764921,4
FXY,2021-07-27,85.80000305175781,2021-08-11,85.19000244140625,-0.007109563970336773,11
FXY,2021-08-16,86.13999938964844,2021-09-01,85.5199966430664,-0.0071976172623068055,12
FXY,2021-09-03,85.76000213623047,2021-09-07,85.26000213623047,-0.0058302237353696175,1
FXY,2021-09-15,85.98999786376953,2021-09-24,84.83999633789062,-0.013373666175696469,7
FXY,2021-12-03,83.29000091552734,2021-12-14,82.54000091552734,-0.009004682335886267,7
FXY,2022-01-21,82.56999969482422,2022-01-27,81.30000305175781,-0.015380848343953842,4
FXY,2022-08-01,71.08000183105469,2022-08-19,68.33999633789062,-0.038548191088635574,14
FXY,2022-11-10,66.0999984741211,2023-02-14,70.04000091552734,0.05960669489196442,64
FXY,2023-03-20,70.87999725341797,2023-04-17,69.31999969482422,-0.022008995753996365,19
FXY,2023-07-14,66.91000366210938,2023-07-31,65.29000091552734,-0.024211667283160328,11
FXY,2023-11-24,62.11000061035156,2024-01-16,62.93000030517578,0.013202377825891592,34
FXY,2024-03-11,63.060001373291016,2024-03-19,61.369998931884766,-0.0267999112686675,6
FXY,2024-07-18,58.77000045776367,2024-10-04,62.09000015258789,0.056491401547805124,55
FXY,2024-12-03,61.7400016784668,2024-12-13,60.04999923706055,-0.027372892702652387,8
FXY,2025-01-30,59.790000915527344,2025-05-13,62.4900016784668,0.045158065254992635,71
FXY,2025-05-21,64.16999816894531,2025-06-18,63.439998626708984,-0.011376025604900314,19
FXY,2025-07-02,64.12999725341797,2025-07-07,63.099998474121094,-0.01606110749119015,2
FXY,2025-09-16,62.81999969482422,2025-09-19,62.189998626708984,-0.010028670346637085,3
FXY,2026-01-27,60.36000061035156,2026-02-27,58.83000183105469,-0.025347892044826865,22
GLD,2020-12-15,173.94000244140625,2021-01-15,171.1300048828125,-0.01615498171296353,21
GLD,2021-04-16,166.35000610351562,2021-06-17,165.85000610351562,-0.00300571074033422,43
GLD,2021-08-04,169.52999877929688,2021-08-05,168.86000061035156,-0.003952092100334122,1
GLD,2021-08-27,170.19000244140625,2021-09-16,164.02999877929688,-0.03619486205854053,13
GLD,2021-10-20,166.89999389648438,2021-11-30,165.5,-0.008388220177843067,28
GLD,2021-12-27,169.3699951171875,2022-02-01,168.22999572753906,-0.0067308225926302305,25
GLD,2022-02-08,170.6300048828125,2022-04-26,177.32000732421875,0.03920765545310098,53
GLD,2022-08-08,166.69000244140625,2022-08-22,161.63999938964844,-0.03029577645805696,10
GLD,2022-11-09,158.64999389648438,2023-02-14,172.61000061035156,0.08799248188421478,65
GLD,2023-03-14,176.8300018310547,2023-05-19,183.63999938964844,0.03851155057443304,47
GLD,2023-07-18,183.63999938964844,2023-08-04,180.19000244140625,-0.018786740142173294,13
GLD,2023-09-20,179.35000610351562,2023-09-21,178.0500030517578,-0.007248413758109874,1
GLD,2023-09-22,178.6199951171875,2023-09-25,177.6999969482422,-0.005150588926742092,1
GLD,2023-10-18,180.8699951171875,2024-01-22,187.22000122070312,0.03510812337558472,64
GLD,2024-02-01,190.41000366210938,2024-02-12,187.11000061035156,-0.017331038224303635,7
GLD,2024-02-28,188.33999633789062,2024-06-10,213.5399932861328,0.13380055982921563,71
GLD,2024-07-05,220.92999267578125,2024-11-13,237.6300048828125,0.07558961101102656,92
GLD,2024-12-11,250.9600067138672,2024-12-18,239.25999450683594,-0.04662102284835788,5
GLD,2025-01-10,248.2100067138672,2025-07-09,305.5199890136719,0.23089311772136079,122
GLD,2025-07-11,309.1400146484375,2025-07-30,300.9599914550781,-0.02646057710342649,13
GLD,2025-08-05,311.1600036621094,2025-08-19,305.2699890136719,-0.01892921512764058,10
GLD,2025-08-25,309.8299865722656,2026-03-19,426.4100036621094,0.3762709296785652,142
HYG,2020-12-15,65.26422882080078,2021-03-04,65.54710388183594,0.004334304812087189,53
HYG,2021-03-30,65.85073852539062,2021-08-10,67.12532043457031,0.01935562057042437,92
HYG,2021-08-16,67.51891326904297,2021-08-17,67.36456298828125,-0.002286030288234622,1
HYG,2021-08-24,67.66558074951172,2021-10-04,67.65190887451172,-0.00020205065630946585,28
HYG,2021-11-05,68.17985534667969,2021-11-17,67.55645751953125,-0.009143431354886213,8
HYG,2021-12-10,67.72496032714844,2022-01-10,67.41537475585938,-0.004571218200698762,20
HYG,2022-06-01,63.08707809448242,2022-06-09,61.51992416381836,-0.024841124014604272,6
HYG,2022-07-20,61.11339569091797,2022-08-26,61.126163482666016,0.00020891969107100834,27
HYG,2022-10-27,60.24120330810547,2022-12-29,60.708946228027344,0.007764501607472706,43
HYG,2023-01-05,61.45159912109375,2023-02-16,61.583465576171875,0.002145858805370954,29
HYG,2023-03-31,63.02535629272461,2023-05-17,62.34980392456055,-0.010718739375727187,32
HYG,2023-06-02,63.07105255126953,2023-08-18,63.29496765136719,0.0035502039531628074,53
HYG,2023-08-29,64.37991333007812,2023-09-22,63.51420593261719,-0.013446855590227725,17
HYG,2023-11-03,64.54651641845703,2024-04-11,67.9744644165039,0.05310817977880299,108
HYG,2024-05-02,68.64572143554688,2024-11-01,72.5564193725586,0.05696928891167045,127
HYG,2024-11-05,72.9618148803711,2024-12-19,72.64857482910156,-0.004293205312712173,31
HYG,2025-01-08,73.43934631347656,2025-01-10,73.05790710449219,-0.0051939352422364716,1
HYG,2025-01-15,73.77426147460938,2025-03-13,73.72407531738281,-0.0006802664807947266,39
HYG,2025-03-21,74.38130950927734,2025-03-27,74.11843872070312,-0.0035340973466114053,4
HYG,2025-04-28,74.35640716552734,2025-11-17,78.18831634521484,0.05153435091554593,141
HYG,2025-11-25,78.9498062133789,2026-03-06,79.30537414550781,0.00450372140455807,68
IWM,2020-12-15,182.74929809570312,2021-03-25,203.7647705078125,0.11499618674925843,68
IWM,2021-04-06,210.95947265625,2021-04-20,204.26321411132812,-0.03174191924452314,10
IWM,2021-04-23,212.3231201171875,2021-05-11,205.92788696289062,-0.030120286244697016,12
IWM,2021-05-28,212.0786590576172,2021-07-08,208.81797790527344,-0.01537486688586565,27
IWM,2021-08-30,212.37838745117188,2021-09-20,204.57008361816406,-0.03676600018823962,14
IWM,2021-09-27,213.9287567138672,2021-09-30,206.66358947753906,-0.033960685547503984,3
IWM,2021-10-14,213.39019775390625,2021-11-29,210.4048309326172,-0.01399017786530175,31
IWM,2022-01-04,213.19505310058594,2022-01-05,205.97422790527344,-0.03386957197316252,1
IWM,2022-03-21,194.67860412597656,2022-04-08,187.8737030029297,-0.0349545403491974,14
IWM,2022-06-07,181.2558135986328,2022-06-10,170.0146026611328,-0.062018484893357324,3
IWM,2022-07-21,173.66065979003906,2022-09-01,172.78489685058594,-0.005042955269846081,30
IWM,2022-10-27,171.3724822998047,2022-12-15,168.88507080078125,-0.014514649409535176,34
IWM,2023-01-11,175.69125366210938,2023-03-08,179.3827362060547,0.021011191320000466,38
IWM,2023-05-22,171.99757385253906,2023-08-16,179.807861328125,0.04540928863497827,59
IWM,2023-11-15,173.77914428710938,2024-04-12,194.34339904785156,0.11833557384059237,101
IWM,2024-05-07,200.48602294921875,2024-06-10,197.47340393066406,-0.015026578782091737,23
IWM,2024-07-11,206.64634704589844,2024-08-07,198.11289978027344,-0.04129493401463142,19
IWM,2024-08-21,211.3348388671875,2024-09-09,204.48846435546875,-0.03239586311664082,12
IWM,2024-09-16,213.44366455078125,2024-12-18,217.996337890625,0.021329625076600037,66
IWM,2025-01-27,223.5834197998047,2025-02-12,220.74050903320312,-0.012715212823683833,12
IWM,2025-02-18,224.2843017578125,2025-02-20,221.37228393554688,-0.012983600722132086,2
IWM,2025-05-05,196.81900024414062,2025-11-12,242.39451599121094,0.23156054898427986,133
IWM,2025-12-01,244.36439514160156,2026-03-05,256.3040771484375,0.048860154114993976,64
IYC,2020-12-15,67.61981964111328,2021-05-12,72.10112762451172,0.06627210789946819,101
IYC,2021-06-22,74.83621215820312,2021-08-19,75.24483489990234,0.005460227474306072,41
IYC,2021-08-23,76.64583587646484,2021-09-21,75.5658950805664,-0.014090012634724858,20
IYC,2021-09-24,77.60357666015625,2021-09-30,75.32369232177734,-0.029378598725713887,4
IYC,2021-10-14,77.70099639892578,2021-12-02,80.33161926269531,0.03385571595843653,34
IYC,2021-12-30,82.0779037475586,2022-01-10,78.8415756225586,-0.03942995589840785,7
IYC,2022-03-25,72.63177490234375,2022-04-12,70.523681640625,-0.029024394138146333,12
IYC,2022-04-19,73.1295166015625,2022-04-20,71.79244232177734,-0.01828364717724099,1
IYC,2022-07-20,61.28358459472656,2022-09-02,62.065513610839844,0.012759191899172394,32
IYC,2022-09-12,66.0240249633789,2022-09-14,63.51206588745117,-0.03804613664981839,2
IYC,2022-11-01,59.68034744262695,2022-11-02,57.52617645263672,-0.03609514827408006,1
IYC,2022-11-15,61.20785140991211,2022-12-15,58.00038528442383,-0.0524028543986574,21
IYC,2023-01-12,60.069732666015625,2023-03-02,61.50160217285156,0.02383678840052531,33
IYC,2023-03-31,63.583984375,2023-08-16,68.75005340576172,0.08124796018276763,94
IYC,2023-09-12,69.81303405761719,2023-09-19,68.55319213867188,-0.018045941362547804,5
IYC,2023-11-08,67.07439422607422,2024-04-15,77.17081451416016,0.15052570216371924,107
IYC,2024-05-09,79.00161743164062,2024-05-29,77.48750305175781,-0.019165612415378227,13
IYC,2024-06-05,79.07089233398438,2024-07-29,80.61151123046875,0.01948402061756198,36
IYC,2024-08-20,81.9393539428711,2025-01-08,95.53813171386719,0.16596149611427607,97
IYC,2025-01-21,98.35916900634766,2025-02-24,96.01493072509766,-0.023833449437730747,23
IYC,2025-04-30,89.1086196899414,2025-10-09,102.76068878173828,0.15320705381028277,112
IYC,2025-10-28,103.84815216064453,2025-10-29,103.00012969970703,-0.008165985078152176,1
IYC,2025-12-04,102.85047912597656,2026-02-04,103.53715515136719,0.006676449455811954,41
IYE,2020-12-15,18.156373977661133,2020-12-21,17.370681762695312,-0.043273630292728286,4
IYE,2021-01-06,18.660240173339844,2021-04-12,21.943151473999023,0.17593081708291852,65
IYE,2021-04-29,23.315675735473633,2021-07-08,24.17806053161621,0.03698733872981871,48
IYE,2021-09-16,23.331829071044922,2021-09-21,22.502866744995117,-0.03552924734385941,3
IYE,2021-09-22,23.210935592651367,2021-11-30,26.148447036743164,0.1265572183579631,48
IYE,2022-01-04,28.157146453857422,2022-05-02,35.93871307373047,0.2763620465811443,81
IYE,2022-05-03,37.004337310791016,2022-06-17,34.57448196411133,-0.06566406868124364,32
IYE,2022-07-29,37.89241027832031,2022-09-23,34.878543853759766,-0.07953746944107418,39
IYE,2022-10-06,40.32457733154297,2022-12-07,41.39313507080078,0.026498919764794605,43
IYE,2023-01-12,43.54580307006836,2023-02-06,41.41648864746094,-0.04889826969504272,16
IYE,2023-02-14,43.36302947998047,2023-02-16,42.24810791015625,-0.025711339433490174,2
IYE,2023-04-05,41.83881759643555,2023-05-02,38.89710235595703,-0.07031066864397083,18
IYE,2023-06-13,39.32492446899414,2023-06-21,38.73120880126953,-0.015097693784325673,5
IYE,2023-06-30,39.74238967895508,2023-10-04,41.94533157348633,0.05543053430674254,66
IYE,2023-10-17,44.785282135009766,2023-10-25,42.81412887573242,-0.044013416133789285,6
IYE,2023-12-22,42.10136795043945,2024-01-10,40.34046936035156,-0.04182521081407072,11
IYE,2024-02-02,41.04670715332031,2024-02-05,40.91488265991211,-0.0032115729263203444,1
IYE,2024-02-06,41.08437728881836,2024-05-07,46.235313415527344,0.12537456976647124,63
IYE,2024-05-17,47.13539123535156,2024-05-22,45.93213653564453,-0.02552762729175333,3
IYE,2024-07-03,45.94615936279297,2024-07-05,45.2215461730957,-0.01577091969702379,1
IYE,2024-07-15,46.24171829223633,2024-08-02,44.26811218261719,-0.04268020701883164,14
IYE,2024-08-29,45.67919158935547,2024-09-03,44.611351013183594,-0.023376958720537248,2
IYE,2024-10-01,45.42135238647461,2024-10-29,44.39363479614258,-0.02262630979341031,20
IYE,2024-11-06,47.246273040771484,2024-12-10,45.92081069946289,-0.02805432589708774,23
IYE,2025-01-14,46.944664001464844,2025-02-06,45.38789749145508,-0.033161735058135446,16
IYE,2025-02-11,46.683589935302734,2025-02-13,45.871360778808594,-0.01739860104203174,2
IYE,2025-02-14,46.05508041381836,2025-03-03,44.7110481262207,-0.029183149296909988,10
IYE,2025-03-19,47.289039611816406,2025-04-04,40.60022735595703,-0.14144529706600342,12
IYE,2025-05-14,44.2026481628418,2025-05-23,42.41117477416992,-0.04052864394169593,7
IYE,2025-06-09,43.26796340942383,2025-08-06,44.22270584106445,0.022065804729618513,40
IYE,2025-08-22,45.966922760009766,2025-10-13,45.46343231201172,-0.010953320730794552,35
IYE,2025-11-07,47.00457000732422,2025-12-18,46.27653503417969,-0.015488599790001044,28
IYE,2026-01-02,48.306297302246094,2026-04-16,60.04999923706055,0.2431091304998118,71
IYF,2020-12-15,59.63063430786133,2021-06-21,74.30924224853516,0.24615884286742684,128
IYF,2021-07-02,75.65109252929688,2021-07-07,75.13285827636719,-0.00685032080308681,2
IYF,2021-07-12,76.37288665771484,2021-07-19,73.2635726928711,-0.040712275009048136,5
IYF,2021-07-23,75.69734954833984,2021-09-17,76.78932189941406,0.014425503106643017,39
IYF,2021-09-27,79.05656433105469,2021-11-30,78.50828552246094,-0.00693527239936453,45
IYF,2021-12-31,80.82168579101562,2022-01-24,78.92909240722656,-0.023416900616040463,15
IYF,2022-02-07,82.67694091796875,2022-02-18,80.14110565185547,-0.030671614575451117,9
IYF,2022-03-23,79.74019622802734,2022-04-06,77.37268829345703,-0.029690269732972806,10
IYF,2022-06-07,73.11320495605469,2022-06-08,71.8306884765625,-0.01754151634117332,1
IYF,2022-07-25,68.7618637084961,2022-09-01,69.41959381103516,0.009565332686842148,28
IYF,2022-09-12,72.60493469238281,2022-09-14,69.79544830322266,-0.03869552945765417,2
IYF,2022-10-26,69.42106628417969,2022-12-15,70.79650115966797,0.019812932141633325,35
IYF,2023-01-06,74.11036682128906,2023-02-28,75.11685943603516,0.013580996261604888,35
IYF,2023-04-19,70.87623596191406,2023-05-02,67.91828918457031,-0.0417339710158032,9
IYF,2023-06-05,68.94880676269531,2023-08-18,72.67719268798828,0.054074698321105806,52
IYF,2023-09-12,74.5163803100586,2023-09-26,72.072265625,-0.03279969685710398,10
IYF,2023-11-07,72.68853759765625,2024-04-16,86.7710189819336,0.1937373050786403,109
IYF,2024-05-06,90.86738586425781,2024-06-12,90.84610748291016,-0.00023416962142437932,26
IYF,2024-06-24,92.4918441772461,2024-08-07,92.73529815673828,0.0026321669943746196,31
IYF,2024-08-14,96.44548034667969,2024-12-18,106.56452178955078,0.1049198096841607,88
IYF,2025-01-17,113.61911010742188,2025-03-04,111.00919342041016,-0.022970754519588802,30
IYF,2025-05-01,108.82832336425781,2025-10-10,120.69570922851562,0.10904685009743875,112
IYF,2025-11-12,125.13399505615234,2025-11-17,120.1805419921875,-0.03958519075285691,3
IYF,2025-11-28,124.79715728759766,2026-01-23,126.10636901855469,0.010490717572515898,37
IYH,2020-12-15,45.59891128540039,2021-02-25,46.58610916137695,0.021649593118523384,48
IYH,2021-03-26,47.6495361328125,2021-09-17,54.4186897277832,0.1420612695179905,121
IYH,2021-10-26,54.28561019897461,2021-11-30,52.766048431396484,-0.027991980968960863,24
IYH,2021-12-13,54.872283935546875,2022-01-13,53.910945892333984,-0.017519555853408267,22
IYH,2022-03-17,54.351722717285156,2022-04-26,52.7035026550293,-0.03032507489834698,27
IYH,2022-07-05,51.7695198059082,2022-08-26,50.91250991821289,-0.016554333339547533,38
IYH,2022-10-24,51.34253692626953,2023-01-09,53.548126220703125,0.04295832318533327,52
IYH,2023-01-13,54.522430419921875,2023-01-17,54.276458740234375,-0.004511385090376029,1
IYH,2023-04-03,53.13038635253906,2023-05-17,53.18435287475586,0.0010157374324122124,31
IYH,2023-06-16,53.75614547729492,2023-07-10,53.00684356689453,-0.013938906961193388,14
IYH,2023-07-18,53.80441665649414,2023-09-06,53.61323165893555,-0.0035533327826818453,35
IYH,2023-11-21,52.5854606628418,2024-04-04,58.096214294433594,0.10479614635164418,91
IYH,2024-05-09,58.77900314331055,2024-10-03,62.63274383544922,0.06556321962015536,101
IYH,2025-01-23,59.99104690551758,2025-03-13,59.124900817871094,-0.01443792252885025,34
IYH,2025-06-12,56.49845504760742,2025-06-20,54.79505157470703,-0.030149558451908958,5
IYH,2025-06-27,55.59678268432617,2025-07-18,54.785152435302734,-0.014598511097877829,14
IYH,2025-07-24,56.457908630371094,2025-07-31,54.29025650024414,-0.03839412728371737,5
IYH,2025-08-18,56.69545364379883,2026-02-02,65.06806945800781,0.14767702304335922,115
IYH,2026-02-18,65.63629913330078,2026-03-05,64.09110260009766,-0.023541798571930218,11
IYJ,2020-12-15,91.49242401123047,2021-01-28,90.44557189941406,-0.011441954053899674,29
IYJ,2021-02-05,93.84300231933594,2021-06-18,102.8105239868164,0.09555876779139184,92
IYJ,2021-06-30,106.1442642211914,2021-09-13,106.85113525390625,0.00665953113812926,51
IYJ,2021-10-19,108.354736328125,2021-11-24,106.5835952758789,-0.016345764959296655,26
IYJ,2021-12-27,107.74027252197266,2022-01-19,103.96125793457031,-0.03507522766504649,16
IYJ,2022-03-22,101.78401947021484,2022-04-11,97.83391571044922,-0.03880868313440449,14
IYJ,2022-06-07,95.5359115600586,2022-06-10,88.85131072998047,-0.06996950906650275,3
IYJ,2022-07-22,89.94026947021484,2022-09-01,90.54737854003906,0.006750136211513939,29
IYJ,2022-10-26,88.97622680664062,2022-12-23,93.28897857666016,0.048470832320096253,41
IYJ,2023-01-06,96.2551498413086,2023-02-27,97.16632080078125,0.009466204779431144,34
IYJ,2023-03-03,99.5509033203125,2023-03-09,96.54595947265625,-0.03018499830169916,4
IYJ,2023-04-13,96.79066467285156,2023-05-04,94.5062484741211,-0.023601617020109336,15
IYJ,2023-05-19,96.53789520263672,2023-05-23,95.2547607421875,-0.013291510631714838,2
IYJ,2023-06-05,96.96562194824219,2023-08-17,102.09497833251953,0.05289871071022744,51
IYJ,2023-09-01,105.56507110595703,2023-09-07,103.15745544433594,-0.022806934494502815,3
IYJ,2023-11-13,99.3603286743164,2024-04-17,117.68103790283203,0.18438656023942213,106
IYJ,2024-05-08,121.13965606689453,2024-05-29,117.87755584716797,-0.026928425634007068,14
IYJ,2024-07-15,121.41439056396484,2024-08-12,119.90778350830078,-0.012408801367497994,20
IYJ,2024-08-13,121.34546661376953,2024-12-18,131.8709259033203,0.08673961692406906,89
IYJ,2025-01-21,139.292724609375,2025-02-24,133.77090454101562,-0.039641841193389454,23
IYJ,2025-05-02,130.8185577392578,2025-10-16,143.1415252685547,0.09419892515447624,115
IYJ,2025-10-20,145.75204467773438,2025-11-06,143.90872192382812,-0.012646976980542098,13
IYJ,2025-12-04,145.94137573242188,2026-03-10,153.9412078857422,0.054815381266432005,64
IYW,2020-12-15,82.07596588134766,2021-03-03,83.92192840576172,0.02249090223418949,52
IYW,2021-04-05,90.03007507324219,2021-05-11,87.75939178466797,-0.025221386150427502,26
IYW,2021-05-26,91.03266906738281,2021-09-28,100.61080169677734,0.10521643194164451,86
IYW,2021-10-19,106.3304672241211,2022-01-06,107.93378448486328,0.015078625182401856,55
IYW,2022-03-24,101.89324188232422,2022-04-11,94.44053649902344,-0.07314229330251223,12
IYW,2022-07-21,86.36184692382812,2022-08-30,83.31310272216797,-0.03530198010180554,28
IYW,2022-11-14,78.43794250488281,2022-12-19,74.29656219482422,-0.05279817621173312,24
IYW,2023-01-17,77.90992736816406,2023-08-10,106.00651550292969,0.36062911472109255,142
IYW,2023-08-31,110.54866790771484,2023-09-20,105.58999633789062,-0.04485510014434257,13
IYW,2023-10-11,109.19300842285156,2023-10-20,104.24998474121094,-0.04526868297738159,7
IYW,2023-11-07,109.7686996459961,2024-04-16,130.89920043945312,0.1925002378784013,109
IYW,2024-05-09,133.05128479003906,2024-07-25,142.50607299804688,0.07106123193720297,52
IYW,2024-08-20,149.0656280517578,2024-09-04,140.60198974609375,-0.05677793342624472,10
IYW,2024-09-18,144.97836303710938,2025-01-10,157.534423828125,0.08660644614811738,78
IYW,2025-01-22,165.52841186523438,2025-01-30,160.07931518554688,-0.0329194040967656,6
IYW,2025-02-11,162.30487060546875,2025-02-25,156.1871337890625,-0.03769287263890722,9
IYW,2025-05-01,145.55294799804688,2025-11-18,193.24464416503906,0.32765874427793895,139
IYW,2025-12-05,202.80844116210938,2025-12-17,192.92884826660156,-0.04871391367586535,8
IYW,2025-12-23,202.14544677734375,2026-01-20,194.6382293701172,-0.0371377022184205,17
IYW,2026-01-27,203.62490844726562,2026-02-03,194.84814453125,-0.043102604602465,5
LQD,2020-12-15,112.80500030517578,2021-01-07,111.7279052734375,-0.009548291554668445,15
LQD,2021-04-13,108.65658569335938,2021-05-19,107.95650482177734,-0.006443059729096726,26
LQD,2021-05-21,108.76881408691406,2021-09-28,111.40071105957031,0.024197165288142024,89
LQD,2021-11-04,112.20299530029297,2021-11-16,110.442626953125,-0.01568913862287393,8
LQD,2021-12-03,112.74920654296875,2022-01-03,110.3163070678711,-0.021577974246501482,20
LQD,2022-07-14,94.6062240600586,2022-08-23,94.86021423339844,0.0026847089170222447,28
LQD,2022-11-11,90.20957946777344,2023-01-03,92.15320587158203,0.021545676360268776,34
LQD,2023-01-04,92.82162475585938,2023-02-14,93.94476318359375,0.012099965182558138,28
LQD,2023-03-20,94.0836181640625,2023-05-15,94.7584228515625,0.007172393033644596,39
LQD,2023-06-20,95.36669158935547,2023-07-06,93.51467895507812,-0.01941991069850702,11
LQD,2023-07-13,95.8604736328125,2023-08-02,93.9422836303711,-0.020010228718344458,14
LQD,2023-11-07,91.7802963256836,2024-02-12,98.22035217285156,0.07016817448829481,65
LQD,2024-03-07,99.21815490722656,2024-04-04,98.34066772460938,-0.008844018349642538,19
LQD,2024-05-08,97.79415130615234,2024-10-10,103.65774536132812,0.059958535115452204,107
LQD,2024-12-02,103.92533111572266,2024-12-18,101.26948547363281,-0.025555325285733406,12
LQD,2025-01-30,101.90278625488281,2025-04-08,100.66730499267578,-0.012124116597919142,47
LQD,2025-04-29,103.70710754394531,2025-05-12,102.30014038085938,-0.013566738060742297,9
LQD,2025-05-19,102.7992172241211,2025-05-21,101.40757751464844,-0.013537454341102881,2
LQD,2025-05-29,103.1351318359375,2025-11-05,108.28694915771484,0.04995210875351972,111
LQD,2025-11-26,109.95516204833984,2025-12-12,108.51093292236328,-0.013134709631382588,11
LQD,2025-12-24,109.41407012939453,2026-03-11,108.71331024169922,-0.006404659719418029,51
QQQ,2020-12-15,297.2884521484375,2021-02-26,304.4664001464844,0.02414472525311172,49
QQQ,2021-04-05,321.2608947753906,2021-05-11,315.6905822753906,-0.017338906137002702,26
QQQ,2021-05-27,323.0367126464844,2021-09-27,360.2146301269531,0.1150888305415442,84
QQQ,2021-10-20,364.7178955078125,2021-12-20,370.7445373535156,0.01652411883248002,42
QQQ,2021-12-23,386.55059814453125,2022-01-07,369.936279296875,-0.042980967892446924,10
QQQ,2022-03-24,350.68731689453125,2022-04-13,337.71875,-0.036980427491284294,14
QQQ,2022-07-20,296.0462341308594,2022-08-31,292.3729553222656,-0.012407787653093654,30
QQQ,2022-11-14,279.3627624511719,2022-12-19,264.6388854980469,-0.052705223931548494,24
QQQ,2023-01-17,276.20550537109375,2023-03-10,283.0826110839844,0.024898510634865673,37
QQQ,2023-03-15,293.2659912109375,2023-08-14,364.3944091796875,0.2425389240499743,104
QQQ,2023-08-31,371.91156005859375,2023-09-21,352.6148986816406,-0.051885080888351476,14
QQQ,2023-10-16,363.9956359863281,2023-10-19,354.69403076171875,-0.02555416687731594,3
QQQ,2023-11-07,367.2374267578125,2024-04-16,426.41693115234375,0.16114780270900667,109
QQQ,2024-05-08,435.27960205078125,2024-07-25,454.01220703125,0.04303579789223236,53
QQQ,2024-08-20,475.7979431152344,2024-09-05,456.75653076171875,-0.040019955170138156,11
QQQ,2024-09-16,468.8431396484375,2025-01-10,503.9952087402344,0.07497618311778155,80
QQQ,2025-01-21,521.4942626953125,2025-02-27,497.1188049316406,-0.04674156459112081,26
QQQ,2025-05-01,479.35968017578125,2025-11-18,594.792724609375,0.24080674534676016,139
QQQ,2025-12-02,620.4173583984375,2025-12-18,607.5601806640625,-0.020723433282983688,12
QQQ,2025-12-19,615.4799194335938,2026-02-05,596.2781982421875,-0.031197965335858516,31
RSP,2020-12-15,115.9321060180664,2021-07-19,135.42527770996094,0.16814299646084918,147
RSP,2021-07-23,140.1454620361328,2021-09-20,139.2296600341797,-0.006534653271306135,40
RSP,2021-10-15,144.34715270996094,2021-11-30,142.3910369873047,-0.013551467319807166,31
RSP,2021-12-13,147.0171661376953,2021-12-14,146.136474609375,-0.005990399294565797,1
RSP,2021-12-15,147.7310333251953,2021-12-17,145.51531982421875,-0.014998294204706384,2
RSP,2021-12-22,147.9735870361328,2022-01-20,144.4497528076172,-0.023813940711291674,19
RSP,2022-03-21,145.7255859375,2022-04-25,142.70986938476562,-0.020694489120309873,24
RSP,2022-06-07,140.17030334472656,2022-06-09,135.0538787841797,-0.03650148739397276,2
RSP,2022-07-22,131.7359619140625,2022-09-01,132.2428741455078,0.0038479411702022183,29
RSP,2022-10-27,129.49853515625,2022-12-20,132.3404998779297,0.02194592176854076,37
RSP,2023-01-09,137.5670928955078,2023-02-27,139.214599609375,0.011976023329348018,33
RSP,2023-04-11,137.8881072998047,2023-05-03,135.13795471191406,-0.019944813528487097,16
RSP,2023-06-07,138.24020385742188,2023-08-16,141.60116577148438,0.02431247799322495,48
RSP,2023-11-14,138.78921508789062,2024-04-15,155.3828125,0.11955970355190206,103
RSP,2024-05-09,160.47256469726562,2024-06-11,159.0017852783203,-0.009165301381703248,22
RSP,2024-06-12,159.85328674316406,2024-06-13,159.3985137939453,-0.0028449396223515426,1
RSP,2024-06-20,160.0274658203125,2024-07-01,158.30995178222656,-0.010732620361647514,7
RSP,2024-07-11,162.3029327392578,2024-08-07,158.68885803222656,-0.022267463970212523,19
RSP,2024-08-15,165.51866149902344,2024-12-17,175.6889190673828,0.06144477895273084,86
RSP,2025-01-22,177.63880920410156,2025-02-27,174.41860961914062,-0.018127793129152463,25
RSP,2025-05-02,169.05062866210938,2025-11-04,184.70159912109375,0.09258155726984497,128
RSP,2025-11-28,189.95809936523438,2026-03-10,196.3792724609375,0.03380310245870101,68
SCHD,2020-12-15,17.71225929260254,2021-06-18,20.64248275756836,0.16543476563656775,127
SCHD,2021-07-12,21.420978546142578,2021-07-19,20.864444732666016,-0.025980783850641658,5
SCHD,2021-07-26,21.36195182800293,2021-09-13,21.474382400512695,0.0052631226497937686,34
SCHD,2021-10-14,21.71921730041504,2021-11-30,21.509563446044922,-0.00965291941556802,32
SCHD,2021-12-10,22.354907989501953,2022-01-24,22.269241333007812,-0.003832118500973942,29
SCHD,2022-03-21,22.52911376953125,2022-04-26,22.015846252441406,-0.022782410455221516,25
SCHD,2022-05-31,22.590749740600586,2022-06-10,21.472566604614258,-0.04949738936626371,8
SCHD,2022-07-29,21.606300354003906,2022-08-31,21.017011642456055,-0.02727392945079787,23
SCHD,2022-10-25,21.1076602935791,2023-01-03,22.30208396911621,0.05658721331138961,47
SCHD,2023-01-04,22.523805618286133,2023-02-22,22.213397979736328,-0.013781314037704079,33
SCHD,2023-04-11,21.92132568359375,2023-04-26,21.191011428833008,-0.03331524129981429,11
SCHD,2023-06-09,21.381786346435547,2023-08-21,22.117847442626953,0.034424677352278915,49
SCHD,2023-08-30,22.439746856689453,2023-09-07,22.075729370117188,-0.016221996125760633,5
SCHD,2023-11-16,21.482152938842773,2024-04-15,23.617883682250977,0.09941884081583367,101
SCHD,2024-05-08,24.263805389404297,2024-05-29,23.617883682250977,-0.026620791618918373,14
SCHD,2024-06-25,24.285438537597656,2024-07-08,24.077428817749023,-0.008565203363595895,8
SCHD,2024-07-10,24.321046829223633,2024-12-12,26.908281326293945,0.10637841846353212,109
SCHD,2025-01-23,26.803319931030273,2025-02-07,26.297595977783203,-0.018867959437427466,11
SCHD,2025-02-18,26.70789909362793,2025-03-13,26.03996467590332,-0.02500887154706855,17
SCHD,2025-03-31,26.920045852661133,2025-04-03,25.735795974731445,-0.04399137670163443,3
SCHD,2025-05-16,25.61063003540039,2025-08-04,25.87181854248047,0.010198441300313554,53
SCHD,2025-08-13,26.6982364654541,2025-09-24,26.659534454345703,-0.0014496092713268344,29
SCHD,2025-09-30,26.796953201293945,2025-10-10,26.05095672607422,-0.027838854276302748,8
SCHD,2025-11-13,26.718425750732422,2026-03-20,30.135095596313477,0.1278769145104814,86
SHV,2020-12-31,94.0969009399414,2021-01-12,94.07989501953125,-0.00018072774172457075,7
SHV,2021-02-04,94.08840942382812,2021-03-02,94.07989501953125,-9.049365749739952e-05,17
SHV,2021-03-22,94.0969009399414,2021-03-31,94.07989501953125,-0.00018072774172457075,7
SHV,2021-04-06,94.0969009399414,2021-04-16,94.07989501953125,-0.00018072774172457075,8
SHV,2021-05-06,94.08840942382812,2021-05-10,94.07989501953125,-9.049365749739952e-05,2
SHV,2021-05-24,94.08840942382812,2021-06-01,94.07137298583984,-0.00018106840250151714,5
SHV,2022-05-10,93.86793518066406,2022-06-13,93.74603271484375,-0.0012986592874946214,23
SLV,2020-12-15,22.799999237060547,2021-03-04,23.559999465942383,0.03333334448741928,53
SLV,2021-04-21,24.700000762939453,2021-06-18,23.8799991607666,-0.03319844440665783,41
SLV,2021-10-19,21.889999389648438,2021-11-29,21.15999984741211,-0.033348541004598546,28
SLV,2022-01-18,21.690000534057617,2022-02-01,20.940000534057617,-0.03457814575994826,10
SLV,2022-02-11,21.829999923706055,2022-04-05,22.360000610351562,0.02427854734300568,36
SLV,2022-04-12,23.469999313354492,2022-04-25,21.829999923706055,-0.06987641404468527,8
SLV,2022-08-08,19.030000686645508,2022-08-19,17.549999237060547,-0.07777201241109606,9
SLV,2022-09-21,18.059999465942383,2022-09-26,16.920000076293945,-0.06312289165889803,3
SLV,2022-10-03,19.100000381469727,2022-10-14,16.809999465942383,-0.11989533349690595,9
SLV,2022-11-01,18.049999237060547,2023-02-06,20.479999542236328,0.13462606137879862,65
SLV,2023-03-21,20.540000915527344,2023-05-16,21.809999465942383,0.06183050115908104,39
SLV,2023-07-13,22.780000686645508,2023-08-07,21.209999084472656,-0.0689201736105849,17
SLV,2023-08-25,22.219999313354492,2023-09-08,21.010000228881836,-0.05445540602449218,9
SLV,2023-10-20,21.399999618530273,2023-11-10,20.34000015258789,-0.04953268620736463,15
SLV,2023-11-15,21.450000762939453,2024-01-03,21.059999465942383,-0.01818187800118407,32
SLV,2024-03-04,21.860000610351562,2024-06-26,26.309999465942383,0.20356810298914504,79
SLV,2024-07-03,27.84000015258789,2024-07-23,26.68000030517578,-0.041666660957409535,13
SLV,2024-08-23,27.200000762939453,2024-09-04,25.68000030517578,-0.05588236820326502,7
SLV,2024-09-12,27.270000457763672,2024-11-11,27.969999313354492,0.02566919119326722,42
SLV,2025-01-21,28.040000915527344,2025-04-04,27.079999923706055,-0.03423683881870638,52
SLV,2025-04-23,30.559999465942383,2025-05-16,29.299999237060547,-0.041230374702265433,17
SLV,2025-05-20,30.1299991607666,2026-02-12,67.7300033569336,1.2479258295210098,184
SLV,2026-02-26,80.44999694824219,2026-03-13,72.69000244140625,-0.09645736235177683,11
SPY,2020-12-15,342.60345458984375,2021-03-08,355.3561096191406,0.037222785872267496,55
SPY,2021-03-09,360.4297790527344,2021-09-20,408.0152587890625,0.13202427352531798,135
SPY,2021-10-18,420.3766784667969,2021-12-03,426.2332458496094,0.013931713348544088,33
SPY,2021-12-07,440.2021789550781,2022-01-18,430.6267395019531,-0.02175236723238064,28
SPY,2022-03-22,425.4352111816406,2022-04-21,414.5246887207031,-0.025645555831247887,21
SPY,2022-07-21,378.9945983886719,2022-08-31,375.56378173828125,-0.009052415693988878,29
SPY,2022-10-28,371.228271484375,2022-12-19,364.30511474609375,-0.01864932514595038,35
SPY,2023-01-12,380.5445861816406,2023-02-28,379.87359619140625,-0.001763236200433291,31
SPY,2023-03-30,388.4829406738281,2023-08-16,424.6396789550781,0.0930716242482507,95
SPY,2023-08-31,434.9842529296875,2023-09-20,425.1683044433594,-0.02256621571980173,13
SPY,2023-11-08,423.8209533691406,2024-04-16,491.5667419433594,0.159845302681893,108
SPY,2024-05-07,504.8533935546875,2024-08-01,531.8189697265625,0.05341268676438835,59
SPY,2024-08-19,548.0767211914062,2024-12-31,577.6997680664062,0.05404908789157397,93
SPY,2025-01-22,597.7686767578125,2025-02-27,576.6844482421875,-0.03527155124618102,25
SPY,2025-05-02,560.3366088867188,2025-11-19,658.87841796875,0.17586180791902015,139
SPY,2025-11-28,679.5208129882812,2026-02-13,679.8931884765625,0.0005479971785465707,52
SPY,2026-02-26,687.422607421875,2026-02-27,684.1216430664062,-0.0048019432585273275,1
SQQQ,2021-03-03,1514.056640625,2021-03-17,1310.4349365234375,-0.13448750769159323,10
SQQQ,2021-03-18,1430.39013671875,2021-03-22,1335.635498046875,-0.06624391223029392,2
SQQQ,2021-03-25,1428.3740234375,2021-03-26,1363.8604736328125,-0.045165726025617796,1
SQQQ,2021-05-12,1316.4830322265625,2021-05-25,1124.9581298828125,-0.1454822414382544,9
SQQQ,2021-09-28,855.814697265625,2021-10-19,747.9559326171875,-0.1260305122043968,15
SQQQ,2022-01-10,676.3860473632812,2022-03-22,716.3038940429688,0.05901636622354506,49
SQQQ,2022-04-20,795.131591796875,2022-06-07,932.4249267578125,0.17266743816665076,33
SQQQ,2022-06-10,1139.473388671875,2022-07-08,1008.8331909179688,-0.11464962591726278,18
SQQQ,2022-09-01,913.675537109375,2022-10-31,1046.33203125,0.14518993751361087,41
SQQQ,2022-11-02,1190.2783203125,2022-11-11,894.5231323242188,-0.24847565728209903,7
SQQQ,2022-12-20,1059.032958984375,2023-01-13,926.3350219726562,-0.1253010455302332,16
SQQQ,2023-08-15,401.4289245605469,2023-08-31,365.3291931152344,-0.08992807751666543,12
SQQQ,2023-09-21,429.8425598144531,2023-10-16,391.2238464355469,-0.08984385677299264,17
SQQQ,2023-10-19,423.1262512207031,2023-11-07,379.89013671875,-0.10218253860926516,13
SQQQ,2024-04-15,248.87750244140625,2024-05-08,233.64898681640625,-0.061188799612714215,17
SQQQ,2024-07-25,207.8075408935547,2024-08-19,175.8712615966797,-0.1536820038365871,17
SQQQ,2024-09-06,215.56982421875,2024-09-13,181.19398498535156,-0.1594649870777622,5
SQQQ,2025-01-13,149.40663146972656,2025-01-21,133.37388610839844,-0.10730946279701616,5
SQQQ,2025-02-27,152.98495483398438,2025-04-25,149.22886657714844,-0.024552010757606556,40
SQQQ,2025-11-19,73.31094360351562,2025-12-01,67.00775146484375,-0.08597887066849329,7
SQQQ,2026-02-04,70.9136734008789,2026-04-10,67.62000274658203,-0.04644619995466281,45
TLT,2021-04-20,118.40839385986328,2021-05-11,116.49093627929688,-0.016193595048977046,15
TLT,2021-05-27,117.86799621582031,2021-09-27,125.07437896728516,0.0611394354941753,84
TLT,2021-10-29,126.36256408691406,2021-12-29,125.9442367553711,-0.0033105321545646776,41
TLT,2022-07-13,100.96080017089844,2022-08-18,99.7978744506836,-0.011518586602387613,26
TLT,2022-11-18,87.15516662597656,2022-12-28,87.4948959350586,0.003897982440214566,26
TLT,2023-01-09,92.93533325195312,2023-02-13,91.87030792236328,-0.011459853774909245,24
TLT,2023-03-14,91.94650268554688,2023-05-01,91.55995178222656,-0.004204084897522423,33
TLT,2023-05-02,93.84164428710938,2023-05-08,91.81739044189453,-0.021570954564922376,4
TLT,2023-06-21,92.1860580444336,2023-07-05,90.2488784790039,-0.021013801940592457,9
TLT,2023-11-09,79.07036590576172,2024-01-19,85.56951141357422,0.08219445342593158,47
TLT,2024-02-01,89.63116455078125,2024-02-06,86.72071075439453,-0.03247144908775316,3
TLT,2024-03-06,87.85350036621094,2024-03-18,84.8057861328125,-0.034690868556110595,8
TLT,2024-05-15,84.86842346191406,2024-10-04,89.5025405883789,0.05460354908730537,98
TLT,2024-12-02,88.53184509277344,2024-12-16,85.27800750732422,-0.03675330139160082,10
TLT,2025-02-05,85.4113998413086,2025-04-10,82.66879272460938,-0.03211055107157695,45
TLT,2025-06-18,83.50350189208984,2025-07-15,82.22866821289062,-0.015266828939062515,17
TLT,2025-07-29,84.46310424804688,2025-09-02,83.46112060546875,-0.011862974389806363,24
TLT,2025-09-03,84.3773193359375,2025-11-13,87.73517608642578,0.03979572682463879,51
TLT,2025-11-26,88.97199249267578,2025-12-01,87.44757080078125,-0.01713372544758984,2
TLT,2026-02-10,87.88543701171875,2026-03-12,86.62388610839844,-0.014354493147164938,21
TQQQ,2020-12-15,20.279775619506836,2021-02-26,21.304153442382812,0.05051228584061067,49
TQQQ,2021-04-05,24.274606704711914,2021-05-11,22.808483123779297,-0.060397418535643246,26
TQQQ,2021-06-01,24.25788688659668,2021-09-22,32.84926986694336,0.3541686471089003,79
TQQQ,2021-10-20,34.00259017944336,2021-12-17,36.00836944580078,0.05898901394782677,41
TQQQ,2021-12-27,41.40245819091797,2022-01-06,35.56422805786133,-0.14101167873016085,8
TQQQ,2022-03-25,27.187744140625,2022-04-12,22.703413009643555,-0.16493943402537692,12
TQQQ,2022-07-21,14.880908966064453,2022-08-30,13.529401779174805,-0.0908215479290766,28
TQQQ,2022-11-16,10.520746231079102,2022-12-15,9.379364967346191,-0.10848862225772363,20
TQQQ,2023-01-20,9.788078308105469,2023-03-02,10.613752365112305,0.08435507267275319,28
TQQQ,2023-03-03,11.261810302734375,2023-03-09,10.455339431762695,-0.07161112195042639,4
TQQQ,2023-03-16,11.972275733947754,2023-08-11,18.933971405029297,0.5814847423987607,102
TQQQ,2023-09-01,20.48395347595215,2023-09-19,19.181001663208008,-0.06360841496119322,11
TQQQ,2023-11-08,19.029836654663086,2024-04-15,27.325647354125977,0.4359370419204349,107
TQQQ,2024-05-10,28.991548538208008,2024-07-24,32.19120407104492,0.11036511308183773,50
TQQQ,2024-08-22,33.6323127746582,2024-09-03,30.666486740112305,-0.08818382650094272,7
TQQQ,2024-09-19,34.71437072753906,2025-01-08,39.94207763671875,0.15059201130880717,76
TQQQ,2025-01-22,43.46696090698242,2025-02-26,38.674705505371094,-0.11025052825447275,24
TQQQ,2025-05-06,28.17302703857422,2025-11-18,49.022064208984375,0.7400353942039621,136
TQQQ,2025-12-03,55.51115417480469,2025-12-17,49.241355895996094,-0.11294663877938822,10
TQQQ,2025-12-24,55.26862335205078,2026-01-02,52.263587951660156,-0.054371453785796546,5
TQQQ,2026-01-06,54.91919708251953,2026-01-20,50.646263122558594,-0.0778040136592053,9
TQQQ,2026-01-26,54.98908615112305,2026-02-04,49.67786407470703,-0.09658684019260691,7
UNG,2020-12-15,38.560001373291016,2020-12-24,36.880001068115234,-0.04356847109293546,7
UNG,2021-01-08,39.0,2021-01-21,36.7599983215332,-0.05743594047350761,8
UNG,2021-01-27,39.279998779296875,2021-03-09,39.880001068115234,0.015275007827510416,28
UNG,2021-04-20,40.15999984741211,2021-11-09,66.23999786376953,0.6494023435121602,142
UNG,2022-01-12,63.880001068115234,2022-01-21,52.400001525878906,-0.17971194975396457,6
UNG,2022-01-26,55.91999816894531,2022-06-17,94.72000122070312,0.6938484320856981,99
UNG,2022-07-21,108.08000183105469,2022-09-09,111.55999755859375,0.0321983315005751,35
UNG,2022-09-14,125.80000305175781,2022-09-15,114.63999938964844,-0.08871226861193177,1
UNG,2022-11-23,94.04000091552734,2022-12-02,76.31999969482422,-0.18843046627169163,6
UNG,2023-05-19,29.84000015258789,2023-05-26,26.559999465942383,-0.10991959349440714,5
UNG,2023-06-20,27.399999618530273,2023-08-02,26.68000030517578,-0.026277347568558568,30
UNG,2023-08-07,29.600000381469727,2023-08-22,27.1200008392334,-0.08378376723903234,11
UNG,2023-10-05,29.639999389648438,2023-10-24,27.84000015258789,-0.06072872044960918,13
UNG,2023-10-26,29.239999771118164,2023-10-30,27.799999237060547,-0.049247624669271683,2
UNG,2023-10-31,30.0,2023-11-07,26.440000534057617,-0.1186666488647461,5
UNG,2024-01-08,24.040000915527344,2024-01-23,20.1200008392334,-0.1630615610235702,10
UNG,2024-05-07,16.170000076293945,2024-07-01,16.56999969482422,0.024737143886393267,37
UNG,2024-09-16,14.859999656677246,2024-10-15,14.010000228881836,-0.05720050117319272,21
UNG,2024-11-21,15.149999618530273,2024-12-05,13.319999694824219,-0.12079207721350332,9
UNG,2024-12-11,14.5600004196167,2025-04-04,20.040000915527344,0.37637364958639946,77
UNG,2025-06-20,17.65999984741211,2025-06-24,16.25,-0.07984144165316798,2
UNG,2025-10-02,13.449999809265137,2025-10-13,12.180000305175781,-0.09442375628990764,7
UNG,2025-10-27,12.890000343322754,2025-10-28,12.34000015258789,-0.042668749114484934,1
UNG,2025-10-31,13.25,2025-12-15,12.460000038146973,-0.059622638630417155,30
UNG,2026-01-26,14.829999923706055,2026-02-12,12.430000305175781,-0.16183409513669825,13
UNG,2026-03-12,13.039999961853027,2026-03-17,12.199999809265137,-0.06441718980408064,3
UNG,2026-03-18,12.670000076293945,2026-03-23,11.729999542236328,-0.07419104407239856,3
UPRO,2020-12-15,35.38594436645508,2021-03-04,37.24590301513672,0.05256207463110215,53
UPRO,2021-03-10,41.1084098815918,2021-09-20,56.97745132446289,0.3860290750379327,134
UPRO,2021-10-19,63.25308609008789,2021-12-03,63.85121154785156,0.009456067596635438,32
UPRO,2021-12-07,70.2281265258789,2022-01-18,65.10845184326172,-0.0729006302158808,28
UPRO,2022-03-23,58.42357635498047,2022-04-14,55.7486457824707,-0.04578512202431672,16
UPRO,2022-07-25,38.4726448059082,2022-08-31,37.53593444824219,-0.024347438612334914,27
UPRO,2022-10-31,33.7601318359375,2022-11-03,29.78154182434082,-0.1178487699909243,3
UPRO,2022-11-10,35.43075942993164,2022-12-19,31.403881072998047,-0.11365486999783914,26
UPRO,2023-01-13,35.66963195800781,2023-02-24,34.312259674072266,-0.03805400306718942,28
UPRO,2023-03-31,37.481937408447266,2023-08-15,45.272972106933594,0.20786104553737583,93
UPRO,2023-09-05,46.7547721862793,2023-09-07,45.31196594238281,-0.030859015591993232,2
UPRO,2023-09-14,46.871761322021484,2023-09-15,45.155982971191406,-0.036605800644917606,1
UPRO,2023-11-09,41.091949462890625,2024-04-15,61.511146545410156,0.49691478134810146,106
UPRO,2024-05-09,66.57746124267578,2024-07-29,74.60244750976562,0.12053608108964468,54
UPRO,2024-08-19,79.53596496582031,2024-09-09,73.19707489013672,-0.07969841163563754,14
UPRO,2024-09-12,78.28785705566406,2024-12-23,91.90017700195312,0.17387524014880698,71
UPRO,2024-12-24,94.8347396850586,2024-12-30,88.59015655517578,-0.065847000272482,3
UPRO,2025-01-22,96.02041625976562,2025-02-26,89.18299102783203,-0.07120803573102823,24
UPRO,2025-05-07,69.12757110595703,2025-11-18,105.6508560180664,0.5283461335004435,135
UPRO,2025-12-01,114.90364074707031,2026-02-05,111.77921295166016,-0.027191721472844797,45
UPRO,2026-02-09,119.87105560302734,2026-02-12,113.2359390258789,-0.055352116019748036,3
USO,2020-12-15,32.540000915527344,2021-04-05,40.279998779296875,0.23786102169641246,74
USO,2021-04-14,43.040000915527344,2021-07-21,48.27000045776367,0.12151485666789391,68
USO,2021-07-22,49.16999816894531,2021-08-05,48.099998474121094,-0.021761231130165204,10
USO,2021-09-02,48.95000076293945,2021-11-19,53.779998779296875,0.09867207234068652,55
USO,2021-12-28,54.66999816894531,2022-06-24,81.2699966430664,0.4865556862087281,123
USO,2022-08-29,78.69000244140625,2022-08-31,73.11000061035156,-0.07091119148470786,2
USO,2022-10-10,73.77999877929688,2022-10-18,68.69999694824219,-0.06885337374768523,6
USO,2022-10-26,72.97000122070312,2022-11-18,69.02999877929688,-0.05399482493483073,17
USO,2022-12-30,70.11000061035156,2023-01-04,64.30000305175781,-0.08286974052223754,2
USO,2023-01-17,70.86000061035156,2023-02-03,64.4000015258789,-0.09116566509779213,13
USO,2023-02-13,69.5,2023-02-17,67.0199966430664,-0.03568350153861286,4
USO,2023-03-06,70.48999786376953,2023-03-09,66.23999786376953,-0.060292241861230306,3
USO,2023-04-04,70.2699966430664,2023-05-02,63.04999923706055,-0.1027465170189141,19
USO,2023-07-06,64.44000244140625,2023-10-10,76.70999908447266,0.19040962411854687,67
USO,2023-10-18,79.83999633789062,2023-10-30,76.05000305175781,-0.04746985796558898,8
USO,2024-01-23,69.66000366210938,2024-05-02,75.93000030517578,0.09000856034230854,70
USO,2024-06-18,78.66999816894531,2024-07-24,76.80999755859375,-0.023643074280454104,24
USO,2024-10-04,76.3499984741211,2024-10-28,70.43000030517578,-0.07753763310096072,16
USO,2024-11-06,74.54000091552734,2024-11-11,70.94000244140625,-0.04829619573255441,3
USO,2024-12-13,74.20999908447266,2025-02-07,75.86000061035156,0.022234221078492704,36
USO,2025-03-31,77.33000183105469,2025-04-04,67.91999816894531,-0.1216863240565765,4
USO,2025-06-02,69.55000305175781,2025-08-08,73.30000305175781,0.053918042206401055,47
USO,2025-09-02,76.76000213623047,2025-09-04,74.18000030517578,-0.03361127878130862,2
USO,2025-09-24,76.38999938964844,2025-10-02,71.54000091552734,-0.063489966132639,6
VT,2020-12-15,82.13419342041016,2021-03-05,85.87100982666016,0.045496476566377404,54
VT,2021-03-11,88.10469818115234,2021-09-20,93.66152954101562,0.06307077232632774,133
VT,2021-10-19,96.84127044677734,2021-11-30,95.00082397460938,-0.019004774138929263,29
VT,2021-12-27,99.03875732421875,2022-01-18,95.74327087402344,-0.03327471526532816,15
VT,2022-03-24,93.13534545898438,2022-04-14,90.7425308227539,-0.02569179965391586,15
VT,2022-06-08,85.89250946044922,2022-06-09,83.95065307617188,-0.02260798289019029,1
VT,2022-07-26,80.85443115234375,2022-08-31,81.1973876953125,0.004241654267810758,26
VT,2022-10-31,78.14451599121094,2022-12-23,80.97479248046875,0.03621849151354574,38
VT,2023-01-09,83.11383819580078,2023-02-27,84.64309692382812,0.018399568125162188,33
VT,2023-03-31,86.67925262451172,2023-08-15,91.30533599853516,0.05337013453569215,93
VT,2023-11-08,89.65298461914062,2024-04-16,102.04621124267578,0.13823551637665438,108
VT,2024-05-06,105.67594909667969,2024-08-02,107.13710021972656,0.013826713983047483,61
VT,2024-08-19,112.59508514404297,2024-11-04,114.10865020751953,0.013442550014863061,54
VT,2024-11-06,117.00263214111328,2024-12-19,114.633056640625,-0.020252326440232636,30
VT,2025-01-22,118.62202453613281,2025-03-03,116.71412658691406,-0.016083842411892032,27
VT,2025-04-30,114.4548568725586,2025-11-19,135.4156951904297,0.18313629399939088,141
VT,2025-11-28,139.44390869140625,2026-03-06,141.597412109375,0.015443510140945063,66
VXUS,2020-12-15,50.4604606628418,2021-03-05,52.83780288696289,0.04711297108454119,54
VXUS,2021-03-12,53.81534957885742,2021-03-25,52.85647964477539,-0.01781777767097782,9
VXUS,2021-04-01,54.151695251464844,2021-07-07,56.25569534301758,0.03885381762809761,66
VXUS,2021-08-06,56.221336364746094,2021-08-18,55.49990463256836,-0.012831991888227548,8
VXUS,2021-08-31,56.59064865112305,2021-09-21,55.4334602355957,-0.020448403457280027,14
VXUS,2021-10-19,56.564754486083984,2021-11-23,55.75297164916992,-0.014351389735347948,25
VXUS,2021-12-29,55.732200622558594,2022-01-21,54.43467330932617,-0.02328146562917569,16
VXUS,2022-03-29,53.498069763183594,2022-04-11,51.44316101074219,-0.03841089522552377,9
VXUS,2022-06-02,50.301536560058594,2022-06-10,47.50018310546875,-0.055691210371776774,6
VXUS,2022-07-29,47.5174674987793,2022-08-29,45.97174835205078,-0.032529493428247715,21
VXUS,2022-11-04,43.668033599853516,2023-02-24,48.53366470336914,0.11142317852233097,75
VXUS,2023-03-31,50.04199981689453,2023-05-25,49.561614990234375,-0.009599632876741567,38
VXUS,2023-06-08,50.96652603149414,2023-07-10,50.74946975708008,-0.004258800654373328,20
VXUS,2023-07-11,51.24421691894531,2023-08-11,51.427467346191406,0.003576021613052397,23
VXUS,2023-11-09,49.140777587890625,2024-04-16,54.29910659790039,0.10497043928097897,107
VXUS,2024-05-03,56.673404693603516,2024-06-21,56.815242767333984,0.0025027272403571935,33
VXUS,2024-07-03,58.007171630859375,2024-07-30,57.5909423828125,-0.007175479106198038,18
VXUS,2024-07-31,58.53691864013672,2024-08-01,57.21255111694336,-0.02262448304351447,1
VXUS,2024-08-19,59.24639892578125,2024-10-23,59.30056381225586,0.0009142308639291723,46
VXUS,2024-12-09,59.576072692871094,2024-12-17,58.208038330078125,-0.022962815455216612,6
VXUS,2025-01-23,58.729366302490234,2025-04-03,59.3026237487793,0.009761001733552765,49
VXUS,2025-04-24,61.35723114013672,2025-11-20,70.814453125,0.15413378030803704,146
VXUS,2025-12-02,73.34529113769531,2026-03-06,77.89913940429688,0.0620878068102881,64
WPM,2020-12-15,39.0963249206543,2021-01-19,37.99275207519531,-0.028227022557712964,22
WPM,2021-03-19,37.002376556396484,2021-03-24,35.78562545776367,-0.0328830527082044,3
WPM,2021-04-01,37.76374053955078,2021-06-21,42.262184143066406,0.11912071048164066,55
WPM,2021-07-30,43.809513092041016,2021-08-09,40.48701858520508,-0.07583956707885767,6
WPM,2021-09-01,42.636497497558594,2021-09-16,39.683563232421875,-0.0692583687322301,10
WPM,2021-10-22,39.407318115234375,2021-11-02,37.7593994140625,-0.04181758059132703,7
WPM,2021-11-08,39.36922073364258,2021-12-03,38.08827590942383,-0.032536707619516866,18
WPM,2021-12-27,40.88875198364258,2022-01-06,36.93177032470703,-0.09677433198544494,8
WPM,2022-02-09,39.674903869628906,2022-02-10,38.22209548950195,-0.036617817270606576,1
WPM,2022-02-11,40.12411880493164,2022-04-27,43.183509826660156,0.07624817971958768,51
WPM,2022-10-04,33.64717102050781,2022-10-14,29.682992935180664,-0.11781608869616403,8
WPM,2022-10-25,31.926143646240234,2022-11-03,29.653989791870117,-0.0711690669423426,7
WPM,2022-11-04,33.163734436035156,2023-02-16,41.135398864746094,0.24037294244067584,70
WPM,2023-03-16,42.1159782409668,2023-05-22,46.691741943359375,0.10864673915947817,46
WPM,2023-07-25,44.57160949707031,2023-08-02,41.29859924316406,-0.0734326242834328,6
WPM,2023-08-11,44.21010971069336,2023-08-15,41.464691162109375,-0.06209933805977265,2
WPM,2023-09-15,43.35593795776367,2023-09-26,40.73811340332031,-0.06037983901982658,7
WPM,2023-10-18,42.14017105102539,2024-01-17,45.28350067138672,0.07459223686005523,61
WPM,2024-03-14,44.28025817871094,2024-06-12,52.95472717285156,0.19589924157919966,62
WPM,2024-07-08,55.556949615478516,2024-08-07,52.835994720458984,-0.04897595915275838,22
WPM,2024-08-16,58.42631530761719,2024-10-09,59.009986877441406,0.009989874712296362,37
WPM,2024-10-16,62.23375701904297,2024-11-12,59.208370208740234,-0.048613276061366395,19
WPM,2025-01-28,60.030670166015625,2025-10-21,95.68891143798828,0.594000386358495,184
WPM,2025-11-14,104.00578308105469,2025-11-21,99.1135025024414,-0.04703854375867337,5
WPM,2025-11-24,102.52812194824219,2026-03-17,136.97373962402344,0.33596263172722446,76
XLC,2020-12-15,63.74354553222656,2020-12-22,62.450382232666016,-0.02028696848854709,5
XLC,2020-12-28,64.00663757324219,2021-01-12,61.89049530029297,-0.033061294159183685,10
XLC,2021-01-21,65.29722595214844,2021-09-21,77.26158142089844,0.18322915398454753,168
XLC,2021-12-29,74.98292541503906,2022-01-05,72.73648071289062,-0.029959416623372714,5
XLC,2022-03-29,67.66957092285156,2022-04-12,63.874481201171875,-0.05608266270827071,10
XLC,2022-07-21,55.71923828125,2022-07-22,53.78826904296875,-0.034655341635045966,1
XLC,2022-08-02,53.990020751953125,2022-08-26,52.99091720581055,-0.018505337323961573,18
XLC,2022-11-18,47.68290328979492,2022-12-16,46.258094787597656,-0.02988090917069227,19
XLC,2023-01-06,48.6399040222168,2023-03-01,51.235958099365234,0.0533729276267211,36
XLC,2023-03-06,52.84764099121094,2023-03-08,52.336151123046875,-0.009678575213019028,2
XLC,2023-03-17,53.08891296386719,2023-08-21,63.51742172241211,0.19643477661037556,107
XLC,2023-08-30,65.58203125,2023-09-22,63.763343811035156,-0.02773148992643993,16
XLC,2023-10-10,66.09542083740234,2023-10-26,61.52841567993164,-0.06909714923679415,12
XLC,2023-11-07,65.8233642578125,2024-04-19,77.6206283569336,0.17922608836756457,112
XLC,2024-05-09,79.76941680908203,2024-07-25,80.460205078125,0.00865981345577946,52
XLC,2024-08-15,84.22077178955078,2024-09-09,82.38944244384766,-0.02174439044894073,16
XLC,2024-09-16,85.96393585205078,2025-01-10,94.35723114013672,0.09763740113681293,80
XLC,2025-01-23,98.00113677978516,2025-03-06,98.13900756835938,0.0014068284624496068,29
XLC,2025-05-02,96.22676849365234,2025-10-16,113.4395751953125,0.1788775303495265,115
XLC,2025-10-21,115.90371704101562,2025-11-03,112.86328887939453,-0.026232361129066784,9
XLC,2025-12-02,114.4927978515625,2026-01-20,113.10905456542969,-0.012085854412666257,32
XLC,2026-01-26,117.39537048339844,2026-02-12,114.27532958984375,-0.026577205563620677,13
XLC,2026-03-02,117.49506378173828,2026-03-13,114.0859375,-0.029015059628982865,9
XLE,2020-12-15,16.418302536010742,2020-12-21,15.679750442504883,-0.0449834623211487,4
XLE,2021-01-07,17.053220748901367,2021-04-12,19.868942260742188,0.16511376667789981,64
XLE,2021-04-29,21.057504653930664,2021-07-08,21.726118087768555,0.031751788487107614,48
XLE,2021-09-16,20.861278533935547,2021-09-20,20.073644638061523,-0.03775578254193578,2
XLE,2021-09-23,21.4674072265625,2021-11-29,23.753530502319336,0.106492752088297,46
XLE,2021-12-10,24.32293128967285,2021-12-13,23.647302627563477,-0.027777435789420525,1
XLE,2022-01-03,24.629270553588867,2022-06-17,31.934959411621094,0.29662627815697423,115
XLE,2022-08-01,33.74757385253906,2022-08-05,32.1129264831543,-0.04843747809923764,4
XLE,2022-08-09,32.84675216674805,2022-09-22,33.62688446044922,0.023750667638029917,31
XLE,2022-10-06,36.62087631225586,2022-12-07,37.811370849609375,0.03250863051999371,43
XLE,2023-01-10,39.43497848510742,2023-02-06,38.40276336669922,-0.026175115546164633,18
XLE,2023-02-10,40.485130310058594,2023-02-17,37.918067932128906,-0.06340753650215859,5
XLE,2023-04-04,38.54960250854492,2023-05-02,36.50898361206055,-0.05293488813618897,19
XLE,2023-06-13,36.69943618774414,2023-06-20,35.84700393676758,-0.023227393647568737,4
XLE,2023-06-30,37.13248062133789,2023-10-04,39.517147064208984,0.0642204992224722,66
XLE,2023-10-17,41.99647903442383,2023-10-25,40.27293014526367,-0.04104031882642808,6
XLE,2023-12-21,39.42213821411133,2024-01-10,37.942588806152344,-0.0375309274175639,12
XLE,2024-01-30,39.547760009765625,2024-05-06,43.76028823852539,0.106517492462773,67
XLE,2024-05-20,44.24808120727539,2024-05-22,43.188079833984375,-0.023955872082352066,2
XLE,2024-07-03,43.27486038208008,2024-07-08,42.33872985839844,-0.02163220205487452,2
XLE,2024-07-15,43.445068359375,2024-08-05,40.873069763183594,-0.059201163522542725,15
XLE,2024-08-29,42.99592208862305,2024-09-03,42.08342742919922,-0.021222818702271284,2
XLE,2024-10-01,42.80755615234375,2024-10-29,41.87321853637695,-0.021826464763409326,20
XLE,2024-11-06,44.599937438964844,2024-12-10,43.022064208984375,-0.03537837316789499,23
XLE,2025-01-15,44.498207092285156,2025-02-07,42.57061004638672,-0.04331853285461097,16
XLE,2025-02-10,43.50797653198242,2025-03-03,42.21489334106445,-0.029720600542464483,14
XLE,2025-03-19,44.623191833496094,2025-04-04,38.15504837036133,-0.1449502645904298,12
XLE,2025-05-15,41.473514556884766,2025-05-22,39.59385681152344,-0.04532188230112988,5
XLE,2025-06-10,41.20706558227539,2025-08-06,41.376224517822266,0.004105095404309406,39
XLE,2025-08-22,43.046512603759766,2025-10-13,42.54695129394531,-0.011605151720718498,35
XLE,2025-11-07,44.103431701660156,2025-12-18,43.47296142578125,-0.014295265732239468,28
XLE,2026-01-02,45.35367202758789,2026-04-15,55.7599983215332,0.2294483738299143,70
XLF,2020-12-15,25.967636108398438,2021-06-18,32.29022216796875,0.2434794616336088,127
XLF,2021-08-03,33.99164581298828,2021-09-17,34.58058547973633,0.01732601210274472,32
XLF,2021-09-27,35.80232238769531,2021-11-29,35.94094467163086,0.0038718796628452556,44
XLF,2021-12-30,36.32670974731445,2022-01-24,35.574554443359375,-0.020705296713823172,16
XLF,2022-02-07,37.34817123413086,2022-02-22,36.23385238647461,-0.029835968156800213,10
XLF,2022-03-23,36.086639404296875,2022-04-06,35.005245208740234,-0.029966608512398022,10
XLF,2022-07-25,30.890098571777344,2022-09-01,31.068161010742188,0.005764385586245102,28
XLF,2022-09-12,32.46459197998047,2022-09-13,31.25560188293457,-0.037240267728959324,1
XLF,2022-10-25,31.099695205688477,2022-12-16,31.749765396118164,0.020902783327303557,37
XLF,2023-01-06,33.54155731201172,2023-02-28,33.8638916015625,0.009609997727665097,35
XLF,2023-04-19,31.859708786010742,2023-05-03,30.449647903442383,-0.04425843600891613,10
XLF,2023-06-06,31.47861099243164,2023-08-18,32.51944351196289,0.0330647537078906,51
XLF,2023-09-13,33.198936462402344,2023-09-22,32.357200622558594,-0.025354301358328522,7
XLF,2023-11-08,32.36681365966797,2024-04-16,38.390098571777344,0.1860944662469183,108
XLF,2024-05-07,39.960994720458984,2024-06-11,39.611907958984375,-0.008735687485173789,24
XLF,2024-06-24,40.489173889160156,2024-06-27,39.88557815551758,-0.014907583328198602,3
XLF,2024-07-01,40.109493255615234,2024-08-07,40.450225830078125,0.008495060565622799,26
XLF,2024-08-14,41.910518646240234,2024-12-18,46.537471771240234,0.11040076034504243,88
XLF,2025-01-17,49.28712463378906,2025-03-06,48.45308303833008,-0.016922098857582828,32
XLF,2025-05-01,48.00865173339844,2025-08-07,50.76218032836914,0.05735484117032891,67
XLF,2025-08-13,52.135738372802734,2025-10-10,51.7125129699707,-0.008117759833105425,41
XLF,2025-11-12,53.209556579589844,2025-11-14,52.000022888183594,-0.022731512328937612,2
XLF,2025-12-03,53.0905876159668,2026-01-21,53.18659973144531,0.0018084583311268594,32
XLI,2020-12-15,81.72928619384766,2021-01-27,78.8619155883789,-0.035083759310803785,28
XLI,2021-02-09,83.12046813964844,2021-06-17,93.51339721679688,0.12503453493172778,89
XLI,2021-07-09,96.19802856445312,2021-07-19,92.74943542480469,-0.035848896189570705,6
XLI,2021-07-22,95.90057373046875,2021-09-09,95.20342254638672,-0.0072695204727491435,34
XLI,2021-10-18,96.01447296142578,2021-11-30,93.97220611572266,-0.021270406249312167,30
XLI,2021-12-28,98.80109405517578,2022-01-21,94.7292251586914,-0.041212791573040954,17
XLI,2022-03-18,96.26436614990234,2022-04-11,93.24114227294922,-0.03140543066834697,16
XLI,2022-06-08,89.67229461669922,2022-06-09,87.90665435791016,-0.019689919459920414,1
XLI,2022-07-25,85.72683715820312,2022-09-02,86.93425750732422,0.014084508295726349,29
XLI,2022-10-25,86.32676696777344,2023-03-10,94.28128814697266,0.09214431929518122,93
XLI,2023-04-17,96.21721649169922,2023-04-27,94.70635223388672,-0.015702639432963062,8
XLI,2023-04-28,95.62435913085938,2023-05-04,93.74056243896484,-0.01969996671367602,4
XLI,2023-06-06,96.45629119873047,2023-08-17,101.8055648803711,0.05545800709483458,50
XLI,2023-09-01,104.45533752441406,2023-09-05,102.69839477539062,-0.016820038024507766,1
XLI,2023-11-13,98.94274139404297,2024-04-18,117.34061431884766,0.1859446450097285,107
XLI,2024-05-07,120.89903259277344,2024-05-30,118.64342498779297,-0.01865695329902329,16
XLI,2024-07-12,121.14852142333984,2024-08-07,118.49491882324219,-0.02190371429152603,18
XLI,2024-08-13,121.89973449707031,2024-12-13,134.51036071777344,0.1034508095750299,86
XLI,2025-01-21,138.2858123779297,2025-02-24,132.03944396972656,-0.045169987439724085,23
XLI,2025-05-01,130.45188903808594,2025-11-14,151.066650390625,0.15802577873380202,137
XLI,2025-12-04,154.04803466796875,2026-03-12,164.77700805664062,0.06964693455386714,66
XLK,2020-12-15,60.769596099853516,2021-03-03,62.15498352050781,0.022797377464512,52
XLK,2021-04-01,65.20271301269531,2021-05-11,65.0246353149414,-0.0027311393886207402,27
XLK,2021-05-28,66.60802459716797,2021-09-21,73.62886047363281,0.10540525588208714,79
XLK,2021-09-24,75.69127655029297,2021-09-27,74.95710754394531,-0.009699519413704677,1
XLK,2021-10-19,76.6958999633789,2022-01-10,80.31068420410156,0.04713138828084238,57
XLK,2022-03-24,76.75027465820312,2022-04-12,71.70824432373047,-0.06569397121934287,13
XLK,2022-07-20,66.69366455078125,2022-08-31,65.74581146240234,-0.014212040900184771,30
XLK,2022-10-31,62.307220458984375,2022-11-02,59.65159606933594,-0.042621454946727776,2
XLK,2022-11-11,64.87512969970703,2022-12-20,61.38172912597656,-0.053848070746072736,26
XLK,2023-01-17,64.05475616455078,2023-08-09,82.50886535644531,0.2880989687087032,141
XLK,2023-08-31,86.20931243896484,2023-09-18,83.29007720947266,-0.033862179698498016,11
XLK,2023-10-12,84.14093017578125,2023-10-20,80.62931060791016,-0.04173497441179778,6
XLK,2023-11-06,85.03112030029297,2024-04-15,99.49466705322266,0.170097097413873,109
XLK,2024-05-10,101.47942352294922,2024-07-24,106.771484375,0.05214910243212014,50
XLK,2024-08-20,110.91613006591797,2024-09-04,103.7000961303711,-0.06505847193963901,10
XLK,2024-09-17,108.398681640625,2025-01-08,116.07170867919922,0.07078524316386675,78
XLK,2025-01-23,120.0122299194336,2025-01-28,115.95260620117188,-0.03382675016527081,3
XLK,2025-02-11,117.2876205444336,2025-02-26,114.64239501953125,-0.02255332244463275,10
XLK,2025-05-01,105.91968536376953,2025-11-18,139.13072204589844,0.313549238444858,139
XLK,2025-12-05,146.19619750976562,2025-12-17,139.0060577392578,-0.04918144174049072,8
XLK,2025-12-23,145.7687530517578,2026-01-21,143.63140869140625,-0.014662568730300245,18
XLK,2026-01-23,144.90982055664062,2026-02-04,137.94847106933594,-0.04803918368378435,8
XLP,2020-12-15,58.12734603881836,2021-01-12,57.6461067199707,-0.008279051971963025,18
XLP,2021-03-15,57.93386459350586,2021-06-18,60.31611251831055,0.04112012795141112,67
XLP,2021-07-09,61.89909744262695,2021-09-20,62.33815383911133,0.007093098520399715,50
XLP,2021-10-22,63.29707717895508,2021-12-01,62.107303619384766,-0.018796658749448334,27
XLP,2021-12-07,64.80646514892578,2022-02-14,67.08336639404297,0.035133859559919677,47
XLP,2022-03-28,67.6660385131836,2022-05-10,68.39344024658203,0.010749879103040965,30
XLP,2022-07-08,65.95747375488281,2022-09-01,66.51842498779297,0.008504741024418467,39
XLP,2022-10-27,65.20269012451172,2023-01-18,66.72499084472656,0.02334720725951403,55
XLP,2023-03-27,67.60794830322266,2023-05-23,68.4005126953125,0.011722946960839288,40
XLP,2023-07-03,69.377685546875,2023-07-12,68.42169952392578,-0.013779445298781367,6
XLP,2023-07-13,68.70942687988281,2023-08-15,68.3381576538086,-0.005403468533120909,23
XLP,2023-11-09,63.989044189453125,2024-04-11,70.30745697021484,0.09874210282083162,104
XLP,2024-04-24,72.01464080810547,2024-10-08,77.8721694946289,0.0813380254458501,115
XLP,2024-10-16,79.18829345703125,2024-10-21,78.34291076660156,-0.01067560182855064,3
XLP,2024-10-22,78.7848129272461,2024-10-23,78.63111114501953,-0.0019509062281901786,1
XLP,2024-11-25,79.05380249023438,2024-12-19,76.52722930908203,-0.03196017271230508,17
XLP,2025-02-03,76.74976348876953,2025-03-18,77.19501495361328,0.005801339894798526,30
XLP,2025-04-01,79.58903503417969,2025-04-07,75.463134765625,-0.051840058957654284,4
XLP,2025-04-16,78.00289154052734,2025-05-14,77.37039184570312,-0.008108669849701608,19
XLP,2025-05-15,78.9565200805664,2025-06-17,78.36293029785156,-0.007517932427988859,22
XLP,2025-07-01,80.32115173339844,2025-07-15,78.44979858398438,-0.023298385406940483,9
XLP,2025-07-23,79.99783325195312,2025-07-30,78.84170532226562,-0.014451990543872304,5
XLP,2025-08-07,80.57588195800781,2025-08-28,78.63595581054688,-0.02407576684636144,15
XLP,2025-10-21,78.21867370605469,2025-10-29,75.5452880859375,-0.03417835528845394,6
XLP,2025-11-28,78.29759216308594,2026-01-07,76.1911392211914,-0.026903163733400685,26
XLP,2026-01-09,78.8064193725586,2026-03-12,83.77843475341797,0.06309150219545052,42
XLRE,2020-12-15,30.367544174194336,2021-01-06,29.52678680419922,-0.027686050777513124,14
XLRE,2021-01-19,30.307573318481445,2021-03-04,30.576221466064453,0.008864059974712233,31
XLRE,2021-03-11,32.21333694458008,2021-09-23,39.854583740234375,0.2372075519155411,136
XLRE,2021-10-20,40.50680923461914,2022-01-14,41.79716110229492,0.031855184154396,60
XLRE,2022-03-17,40.78446960449219,2022-05-02,39.51212692260742,-0.031196744599680266,31
XLRE,2022-07-22,37.0835075378418,2022-08-30,36.85536193847656,-0.006152211980822569,27
XLRE,2022-11-10,34.32184982299805,2022-12-21,33.072689056396484,-0.03639549654356151,28
XLRE,2023-01-09,33.905548095703125,2023-02-23,34.79214096069336,0.026148902312025827,31
XLRE,2023-04-13,33.58763885498047,2023-04-14,33.01040267944336,-0.017185970649184684,1
XLRE,2023-04-17,33.759002685546875,2023-04-26,32.86609649658203,-0.026449424388568225,7
XLRE,2023-04-27,33.6597900390625,2023-05-03,32.947265625,-0.021168415288259634,4
XLRE,2023-05-05,33.76802444458008,2023-05-16,32.496307373046875,-0.03766039300345625,7
XLRE,2023-06-08,33.65077590942383,2023-08-07,34.18381881713867,0.015840434382541718,40
XLRE,2023-11-08,31.702783584594727,2024-01-26,35.7041130065918,0.12621382003633994,53
XLRE,2024-02-29,36.27923583984375,2024-04-03,35.89115524291992,-0.010697044409563273,23
XLRE,2024-05-13,35.40550994873047,2024-05-30,34.84514617919922,-0.015827021566493293,12
XLRE,2024-05-31,35.53626251220703,2024-10-10,40.84209060668945,0.14930743188481965,91
XLRE,2024-10-15,42.06763458251953,2024-11-01,40.604583740234375,-0.03477853834199419,13
XLRE,2024-11-25,42.44765090942383,2024-12-11,40.88958740234375,-0.036705529604093394,11
XLRE,2025-01-28,39.802528381347656,2025-01-29,39.34160614013672,-0.01158022517551764,1
XLRE,2025-01-30,39.86013412475586,2025-03-13,39.04392623901367,-0.02047679727287387,29
XLRE,2025-04-30,39.912322998046875,2025-08-07,40.55615997314453,0.016131282940588618,68
XLRE,2025-08-25,41.08273696899414,2025-10-09,40.41371536254883,-0.01628473796549229,32
XLRE,2025-10-20,41.740203857421875,2025-10-30,40.16807174682617,-0.037664696510967335,8
XLRE,2026-01-12,40.34880065917969,2026-03-18,41.73945236206055,0.03446575065830301,45
XLU,2020-12-15,26.696115493774414,2020-12-23,25.915468215942383,-0.029241980093099303,6
XLU,2020-12-31,26.734113693237305,2021-02-19,26.184083938598633,-0.020574078533144267,33
XLU,2021-03-15,26.95157241821289,2021-05-27,27.840120315551758,0.03296831381676339,52
XLU,2021-06-11,28.398561477661133,2021-06-18,27.53512954711914,-0.03040407279858822,5
XLU,2021-07-15,28.402667999267578,2021-09-17,28.744659423828125,0.012040820410581353,45
XLU,2021-10-22,29.33306312561035,2022-01-24,29.972461700439453,0.02179787948128916,63
XLU,2022-03-04,31.163801193237305,2022-05-02,31.21271514892578,0.0015695760406497243,40
XLU,2022-05-26,32.841278076171875,2022-06-13,30.119625091552734,-0.0828729313855129,11
XLU,2022-07-27,31.574018478393555,2022-09-21,32.722007751464844,0.03635866856342251,39
XLU,2022-11-11,30.575281143188477,2023-01-20,31.34615135192871,0.02521220345056313,46
XLU,2023-03-31,30.874765396118164,2023-05-16,30.40039825439453,-0.01536423469579705,31
XLU,2023-07-12,30.750675201416016,2023-08-04,29.421884536743164,-0.04321175570842955,17
XLU,2023-09-18,29.836435317993164,2023-09-26,28.418081283569336,-0.047537650503727415,6
XLU,2023-11-03,28.673015594482422,2024-01-18,28.568822860717773,-0.0036338254489248194,50
XLU,2024-02-29,29.055419921875,2024-06-18,32.644866943359375,0.12353795027350413,76
XLU,2024-07-12,33.88771057128906,2024-11-04,36.96125793457031,0.09069799379971318,80
XLU,2024-11-20,38.53642272949219,2024-12-10,37.401729583740234,-0.029444693237796686,13
XLU,2025-01-21,38.643280029296875,2025-03-06,36.63025665283203,-0.052092456306470296,31
XLU,2025-03-20,38.26191329956055,2025-03-25,37.39585876464844,-0.022634898786466497,3
XLU,2025-03-31,38.33415603637695,2025-04-04,36.23392105102539,-0.05478756290756885,4
XLU,2025-04-24,38.13969039916992,2025-09-03,41.038230895996094,0.07599800801973097,90
XLU,2025-09-22,41.989654541015625,2025-11-19,43.60123062133789,0.0383803129113166,42
XLU,2025-11-28,44.66575241088867,2025-12-01,43.62094497680664,-0.023391690001562066,1
XLU,2026-01-27,43.12847137451172,2026-03-26,45.33000183105469,0.05104587263076614,41
XLU,2026-03-30,45.91999816894531,2026-04-22,44.869998931884766,-0.0228658379557741,16
XLV,2020-12-15,102.5916976928711,2021-02-23,104.7708511352539,0.02124103111059286,46
XLV,2021-03-19,105.80062103271484,2021-09-17,123.18956756591797,0.16435580777759565,126
XLV,2021-10-25,122.53612518310547,2021-12-01,120.3703842163086,-0.01767430595312699,26
XLV,2021-12-09,124.6553726196289,2022-01-18,123.34294128417969,-0.01052847789765105,26
XLV,2022-03-16,125.05976867675781,2022-04-27,123.46561431884766,-0.01274713982584255,29
XLV,2022-07-05,121.18580627441406,2022-08-26,119.64432525634766,-0.012719979884243745,38
XLV,2022-10-24,121.71607208251953,2023-01-09,126.40569305419922,0.03852918428472024,52
XLV,2023-04-03,124.53009033203125,2023-05-17,124.63473510742188,0.0008403171884932664,31
XLV,2023-06-16,125.7667465209961,2023-07-11,124.22126770019531,-0.012288453534438627,15
XLV,2023-07-17,125.22419738769531,2023-09-05,126.26533508300781,0.008314189406134724,35
XLV,2023-11-21,124.50059509277344,2024-04-05,138.475341796875,0.11224642495634721,92
XLV,2024-05-10,138.8330841064453,2024-10-03,147.62295532226562,0.06331251136855097,100
XLV,2025-01-23,141.0098876953125,2025-03-26,142.2039031982422,0.008467601261477917,43
XLV,2025-06-12,134.412841796875,2025-06-20,130.276611328125,-0.03077258402884362,5
XLV,2025-06-27,132.21145629882812,2025-07-18,130.1482696533203,-0.015605203234767636,14
XLV,2025-07-24,134.01795959472656,2025-07-31,128.75636291503906,-0.03926038491854891,5
XLV,2025-08-18,134.1463165283203,2026-02-03,153.46910095214844,0.14404260157041876,116
XLV,2026-02-06,157.06431579589844,2026-03-06,152.0748291015625,-0.03176715646104914,19
XLY,2020-12-15,75.89741516113281,2021-02-25,76.92001342773438,0.013473426788389978,48
XLY,2021-03-17,81.29615020751953,2021-05-12,80.0042724609375,-0.01589100767114232,39
XLY,2021-06-16,82.77430725097656,2021-08-18,85.12794494628906,0.028434399193171526,44
XLY,2021-08-27,87.42607879638672,2021-10-04,86.36754608154297,-0.012107745531045122,25
XLY,2021-10-12,88.27430725097656,2021-12-15,96.81622314453125,0.09676559533079983,45
XLY,2021-12-29,99.179443359375,2022-01-11,96.52720642089844,-0.026741801008765775,9
XLY,2022-03-23,88.02555847167969,2022-04-18,86.4220962524414,-0.018215871016077228,17
XLY,2022-04-19,88.9287109375,2022-04-22,84.91525268554688,-0.045131186650999855,3
XLY,2022-07-20,73.66303253173828,2022-09-02,75.27018737792969,0.02181765793444563,32
XLY,2022-09-12,80.64836120605469,2022-09-15,77.07583618164062,-0.044297552622133814,3
XLY,2022-11-30,70.90667724609375,2022-12-07,67.28299713134766,-0.051104920657464914,5
XLY,2023-01-17,68.0024642944336,2023-03-07,69.68551635742188,0.024749868706244064,34
XLY,2023-03-31,72.96224975585938,2023-08-16,81.07794189453125,0.11123138562514143,94
XLY,2023-09-07,82.5006332397461,2023-09-21,79.60103607177734,-0.03514636256842474,10
XLY,2023-11-10,79.04761505126953,2024-01-24,84.9000473022461,0.07403679727947175,49
XLY,2024-02-05,85.77339172363281,2024-04-10,87.81395721435547,0.02379019238620626,45
XLY,2024-05-09,88.04505920410156,2024-05-23,85.4537582397461,-0.029431531851758393,10
XLY,2024-06-10,87.63692474365234,2024-08-02,86.80545806884766,-0.009487629526444693,37
XLY,2024-08-21,92.41803741455078,2025-01-10,109.24349212646484,0.18205812612576616,97
XLY,2025-01-17,113.39911651611328,2025-02-12,110.68805694580078,-0.023907237142603982,17
XLY,2025-05-02,99.92520141601562,2025-10-13,116.46477508544922,0.16551954296869392,112
XLY,2025-10-22,118.17793273925781,2025-11-13,115.5384750366211,-0.022334607159361072,16
XLY,2025-12-04,118.59625244140625,2026-02-05,117.2744140625,-0.011145701079882928,42
