date,baseline,sh_overlay,spy_bh
2021-01-04,1.0,1.0,1.0
2021-01-05,1.0,1.0,1.006887183350012
2021-01-06,0.9995,0.9995,1.0129068909345005
2021-01-07,1.01768253878693,1.01768253878693,1.0279562043406323
2021-01-08,1.0276845957531358,1.0276845957531358,1.0338132435522436
2021-01-11,1.0179201697358868,1.0179201697358868,1.026844459346329
2021-01-12,1.0241990506784429,1.0241990506784429,1.027061528289808
2021-01-13,1.0264795262820634,1.0264795262820634,1.0298269795185406
2021-01-14,1.023641218507902,1.023641218507902,1.0262207194706576
2021-01-15,1.0132807139222928,1.0132807139222928,1.0187369076404535
2021-01-19,1.0211611783845898,1.0211611783845898,1.0267359248745898
2021-01-20,1.034720058768061,1.034720058768061,1.040944696131035
2021-01-21,1.0356015466486406,1.0356015466486406,1.0418935949728183
2021-01-22,1.031074803272646,1.031074803272646,1.0382059118486755
2021-01-25,1.0333840455897878,1.0333840455897878,1.0423004436846537
2021-01-26,1.0331971709623518,1.0331971709623518,1.040673315506776
2021-01-27,1.0106439724191036,1.0106439724191036,1.0152388265050247
2021-01-28,1.0151844179607665,1.0151844179607665,1.023970118086572
2021-01-29,0.998161959258602,0.998161959258602,1.0034707919603068
2021-02-01,1.0022769932114983,1.0022769932114983,1.0201740782703321
2021-02-02,1.0058455175005123,1.0058455175005123,1.034599562910971
2021-02-03,1.0059217709477917,1.0059217709477917,1.0354131714448205
2021-02-04,1.0115251540729862,1.0115251540729862,1.0471812948793595
2021-02-05,1.0148696029683666,1.0148696029683666,1.0513026714413538
2021-02-08,1.0215298879573416,1.0215298879573416,1.058895373302582
2021-02-09,1.0199824079501847,1.0199824079501847,1.0581902103506509
2021-02-10,1.0172982618862112,1.0172982618862112,1.0577292277376775
2021-02-11,1.0161957316903505,1.0161957316903505,1.0594375123223514
2021-02-12,1.0205013311349045,1.0205013311349045,1.0646709894379336
2021-02-16,1.0236105013508818,1.0236105013508818,1.063748935322166
2021-02-17,1.0264833711836825,1.0264833711836825,1.063993026771303
2021-02-18,1.0238337169897627,1.0238337169897627,1.0594647126076522
2021-02-19,1.025008388334641,1.025008388334641,1.0575935818704587
2021-02-22,1.0198763387649552,1.0198763387649552,1.0494590076589247
2021-02-23,1.0218479823821391,1.0218479823821391,1.0507335099159263
2021-02-24,1.030061006926825,1.030061006926825,1.0623117646922875
2021-02-25,1.0184679544080806,1.0184679544080806,1.0367145184278377
2021-02-26,1.0119322492791925,1.0119322492791925,1.0313725957303375
2021-03-01,1.026448163925899,1.026448163925899,1.0563733912942377
2021-03-02,1.0233630230614672,1.0233630230614672,1.0481303715007855
2021-03-03,1.0220097348954698,1.0220097348954698,1.0342471147697372
2021-03-04,1.0155104758870763,1.0155104758870763,1.0214485805273334
2021-03-05,1.0206883404376057,1.0205614016281197,1.040239710958746
2021-03-08,1.0242403966601985,1.0252860597689848,1.0350604566341228
2021-03-09,1.0216706712460522,1.0191782715659696,1.0498386560854593
2021-03-10,1.0273759225870576,1.023551624326286,1.0563733912942377
2021-03-11,1.0265445096423294,1.0200762661275917,1.0670843480847176
2021-03-12,1.0293240424719245,1.0221245160950856,1.0685212520451326
2021-03-15,1.0290638672218884,1.0218661606204533,1.0748935855504973
2021-03-16,1.023075282111558,1.0159194621995258,1.073537660217236
2021-03-17,1.0294123723226256,1.0222122281295658,1.0771984986153633
2021-03-18,1.0206893234849517,1.013550191973615,1.0615254453335599
2021-03-19,1.0193102619045193,1.0121807761313701,1.0595613358433449
2021-03-22,1.0241382646525894,1.0169750097924493,1.068021869029382
2021-03-23,1.014558860245777,1.0074626077793005,1.0596157364139465
2021-03-24,1.0052434282076481,0.9982123318007825,1.0542292799160027
2021-03-25,1.008332526745196,1.0012798238806124,1.0601600087894256
2021-03-26,1.0180610979609623,1.0109403493671556,1.0772440990936616
2021-03-29,1.0142639028654605,1.0071697134552735,1.076700004497825
2021-03-30,1.0164973478578125,1.0093875367915968,1.0738436189819591
2021-03-31,1.021490102378881,1.0143453698823046,1.078196286858831
2021-04-01,1.0338944035753346,1.0266629101658045,1.089839964543628
2021-04-05,1.050980457798933,1.0436294573216738,1.1054825286167447
2021-04-06,1.051258517340093,1.0439055719971566,1.104829632879705
2021-04-07,1.0527377324813958,1.0453744408840366,1.1061081351786624
2021-04-08,1.058308339802909,1.0509060850290461,1.111358501360281
2021-04-09,1.0669446582820001,1.0594819974551128,1.119438586111392
2021-04-12,1.0696202898752496,1.0621389145527949,1.1198464126112613
2021-04-13,1.0742188527716134,1.066705313161236,1.1231652918670614
2021-04-14,1.0685701735822568,1.0610961432159465,1.1193296071905465
2021-04-15,1.0777253969910332,1.070187331131819,1.1313539110899118
2021-04-16,1.0831880857991578,1.0756118115910276,1.1351352840856463
2021-04-19,1.0750253154247642,1.0675061350745385,1.1295585144804186
2021-04-20,1.062086556986798,1.054657875768832,1.1212882055118445
2021-04-21,1.0745671900354237,1.0670512140073436,1.1318980945755697
2021-04-22,1.0622579287098364,1.0548280488457789,1.1215603861444947
2021-04-23,1.076794250754679,1.0692626977248683,1.133720691470364
2021-04-26,1.0816403523069138,1.0740749035994441,1.1360874718508158
2021-04-27,1.0821606778485269,1.0745915897648193,1.1358427581729302
2021-04-28,1.0818450984585946,1.074278217670207,1.135516354749321
2021-04-29,1.0898520050867346,1.0822291206172054,1.1427528750968232
2021-04-30,1.0845649070314296,1.0769790027550519,1.135244263006492
2021-05-03,1.083674349198672,1.0760946738592885,1.1376924664632038
2021-05-04,1.0759352612626008,1.0684097163674986,1.1306737261777502
2021-05-05,1.0765372525763377,1.0690074971001522,1.1310275965561238
2021-05-06,1.0858666705719722,1.0782716612124916,1.1400595135131195
2021-05-07,1.0944393887314596,1.0867844181664075,1.148356933877173
2021-05-10,1.0786181682524305,1.0710738579745693,1.136985347935205
2021-05-11,1.0675177704257846,1.060051101010906,1.1268378637215928
2021-05-12,1.0585878224683023,1.0511836128748315,1.1028980570640652
2021-05-13,1.0664121997014613,1.0589532631144023,1.1161467293612501
2021-05-14,1.07526495680998,1.0677441003068588,1.1332853980157302
2021-05-17,1.0750869497599627,1.0675673383132078,1.1304019899942062
2021-05-18,1.0684926450412693,1.0610191569422651,1.120662687839748
2021-05-19,1.0659705325868722,1.0585146852058456,1.1177245236883373
2021-05-20,1.0691246240157561,1.0616467155893248,1.1297490942571664
2021-05-21,1.0717705169849876,1.0642741020674649,1.1288239289976552
2021-05-24,1.0760594080558308,1.0685329948257087,1.1403316941457697
2021-05-25,1.0724481125186096,1.0649469582122102,1.137801267604407
2021-05-26,1.0737387882944254,1.066228606457425,1.1400595135131195
2021-05-27,1.0762432077521213,1.0687155089494227,1.1406579197897364
2021-05-28,1.0781505033813905,1.0706094641488324,1.1426983856364004
2021-06-01,1.0788049556290418,1.071259338881508,1.1416917973006295
2021-06-02,1.0801187233715992,1.0725639175785118,1.1434871050203015
2021-06-03,1.0737408816775347,1.0662306851985301,1.1392435049540963
2021-06-04,1.0837644715370478,1.0761841658440285,1.1496626364614313
2021-06-07,1.0823218870097189,1.0747516713611625,1.1485473358742786
2021-06-08,1.08390066125278,1.0763194029914631,1.1487920495521642
2021-06-09,1.0791935708314024,1.0716452359452802,1.147078253798573
2021-06-10,1.0811928383153855,1.0736305197094709,1.1524100430564517
2021-06-11,1.0857617624095255,1.0781674868219682,1.1543146852562542
2021-06-14,1.0860737852812106,1.0784773272741213,1.1568992456987548
2021-06-15,1.0828044561645693,1.075230865223864,1.1547770901063674
2021-06-16,1.079969310548627,1.0724155498118244,1.14832955581223
2021-06-17,1.0756180093742866,1.068094683472663,1.1479488407078404
2021-06-18,1.068114688466865,1.060643843955511,1.132462367160829
2021-06-21,1.0759315712396993,1.0684060521541727,1.1486748927677641
2021-06-22,1.0826217612923306,1.0750494481965969,1.1548157571786086
2021-06-23,1.0845381568327133,1.0769524396585046,1.1534238314677434
2021-06-24,1.0889649606988299,1.0813482805917798,1.1602472808159232
2021-06-25,1.0914425919551285,1.0838085822503563,1.1643685684880962
2021-06-28,1.0955804369732407,1.0879174854356521,1.1667157931078744
2021-06-29,1.0974947832308453,1.0898184419483297,1.167343533025502
2021-06-30,1.0975105574895627,1.0898341058752303,1.168326121109537
2021-07-01,1.100903076037727,1.0932028957181827,1.174794633401488
2021-07-02,1.1091085127658435,1.1013509401619264,1.183774283143592
2021-07-06,1.1100378375843678,1.1022737648908116,1.1816179938598468
2021-07-07,1.1119740073151403,1.1041963922340836,1.1857936821026211
2021-07-08,1.101333731142867,1.0936305386399279,1.176132158541752
2021-07-09,1.116930181237927,1.1091179005866387,1.1886869568943035
2021-07-12,1.1240229925627934,1.1161611017983508,1.1929446904420864
2021-07-13,1.1162565407725253,1.1084489718466985,1.1888781588998
2021-07-14,1.1154214831243965,1.1076197549438702,1.190652310842016
2021-07-15,1.1115559929358365,1.103781301623608,1.1865853348506232
2021-07-16,1.0992846696219476,1.0915958091192908,1.1772783038968764
2021-07-19,1.0812217737617191,1.0736592527690922,1.1598923437596946
2021-07-20,1.088763482959337,1.0811482120725522,1.1765141181036387
2021-07-21,1.0934490507745807,1.0858010070507842,1.1860393735685406
2021-07-22,1.095905394526725,1.0882401700989863,1.1885233107333926
2021-07-23,1.1049728582618974,1.0972442121694168,1.2007508167641225
2021-07-26,1.1080431849428094,1.1002930636908914,1.2036984921264062
2021-07-27,1.1003993247598545,1.0927026678891587,1.19821256791849
2021-07-28,1.1005334156793445,1.0928358209202171,1.19772109609683
2021-07-29,1.105453321805352,1.0977213151482565,1.2026886148672493
2021-07-30,1.096456712665122,1.0887876320858547,1.196847931382747
2021-08-02,1.096696825309328,1.0890260652809818,1.1943367939325942
2021-08-03,1.1061061162448713,1.098369543668209,1.2040532514029925
2021-08-04,1.0999707526580695,1.0922770934013648,1.1981305226134817
2021-08-05,1.1100767726909897,1.10231242766888,1.2057181577548992
2021-08-06,1.1130520213143542,1.105266866148832,1.2077106230980912
2021-08-09,1.113742095550722,1.1059521137150146,1.2067281239038774
2021-08-10,1.1166943759605503,1.1088837446308006,1.2082291174254094
2021-08-11,1.1211299177765068,1.11328826239701,1.2112313711379372
2021-08-12,1.1238513129471617,1.1159906229823402,1.2148615425477352
2021-08-13,1.1224832858807945,1.1146321644741162,1.2170724101817245
2021-08-16,1.1213042871440333,1.1134614121516555,1.2199380402389999
2021-08-17,1.1076434006792146,1.099896075687008,1.211940978580931
2021-08-18,1.097721511454439,1.0900435843391247,1.198676395005743
2021-08-19,1.0975330470802076,1.0898564381641944,1.2005323255835039
2021-08-20,1.10481364110223,1.0970861086416985,1.2100851368929915
2021-08-23,1.1144615541196734,1.106666540087368,1.2207297818768232
2021-08-24,1.1176731983854036,1.1098557207588848,1.22266757997995
2021-08-25,1.1221470478451399,1.1142982782290607,1.2252329402210618
2021-08-26,1.116787973606598,1.1089766876154452,1.2180004199155157
2021-08-27,1.1265607951831755,1.1186811539571175,1.2288902230263392
2021-08-30,1.1271641015776288,1.1192802405722584,1.2342947241579956
2021-08-31,1.1267110435229237,1.118830351396624,1.2324659049757145
2021-09-01,1.1257032373113052,1.1178295942066,1.2331208451786428
2021-09-02,1.1275369665728259,1.1196504975924573,1.2369147516391727
2021-09-03,1.1264244171018325,1.1185457297615806,1.2366145707128307
2021-09-07,1.1247712008802124,1.116904076831308,1.2321928354448517
2021-09-08,1.1228849410969737,1.115031010344352,1.230691930813141
2021-09-09,1.1208769427280494,1.1130370567627106,1.2254241422265584
2021-09-10,1.1120481183341404,1.1042699848893662,1.215762174216583
2021-09-13,1.1165973404382126,1.1087873878158219,1.2188737624092412
2021-09-14,1.1091563261911201,1.1013984191599444,1.2122960934168021
2021-09-15,1.1184827218445597,1.1106595820696246,1.2224218885140306
2021-09-16,1.1194755150482023,1.1116454312589807,1.220484179300725
2021-09-17,1.1116118078503279,1.1038367261450517,1.2085950768194724
2021-09-20,1.0932878451083667,1.085502949334204,1.1884428654451664
2021-09-21,1.0936912663997815,1.086083447954413,1.1873201870028502
2021-09-22,1.0973530480236302,1.0871989695331536,1.1989021751517037
2021-09-23,1.1001274281198852,1.0863428932445007,1.2134688168284786
2021-09-24,1.1011647427580324,1.0870070320207539,1.2154676822388004
2021-09-27,1.1026545479672427,1.0893787400369634,1.2119905791011851
2021-09-28,1.0971220842434342,1.0891502709024685,1.1875665895873397
2021-09-29,1.0976078042994337,1.0892713525041398,1.1895654549976613
2021-09-30,1.0887266238176625,1.0837080912787402,1.1750262802756508
2021-10-01,1.0950283914484649,1.0869265782723507,1.1889904267440317
2021-10-04,1.092657225760514,1.0878164046335936,1.1736571103590243
2021-10-05,1.0979629431913058,1.0903935735850028,1.1858689717812152
2021-10-06,1.0982510148072444,1.0894142530013415,1.1907976456997504
2021-10-07,1.0999085081605884,1.0888911280471003,1.2010928647962706
2021-10-08,1.101279742206288,1.09042913856341,1.1989021751517037
2021-10-11,1.0984615525615378,1.0896272499522681,1.1902226174461208
2021-10-12,1.0975966477399115,1.089311242698329,1.1872928978277284
2021-10-13,1.0958748842378363,1.0868801308476703,1.1915641426283405
2021-10-14,1.1033471317784571,1.0897863681719087,1.2116072861919795
2021-10-15,1.1116754486015332,1.095708120585413,1.220834494086249
2021-10-18,1.1159168743575827,1.0998886254707279,1.2244488431078655
2021-10-19,1.1222247270874968,1.1061058766192697,1.2338952533013234
2021-10-20,1.125112830014412,1.1089524968572972,1.238741793025029
2021-10-21,1.1306055482317254,1.1143663215148165,1.2419724046883336
2021-10-22,1.1309990703843595,1.1147541913906995,1.2406859023054642
2021-10-25,1.1424112713753682,1.1260024755147497,1.2473392165357824
2021-10-26,1.143857174107727,1.1274276103123342,1.2484618060882773
2021-10-27,1.1388910806246564,1.122532846319991,1.24293081474099
2021-10-28,1.152638979993937,1.1360832804857015,1.2549238294232774
2021-10-29,1.1543047186260293,1.137725093614032,1.2574701672426432
2021-11-01,1.1617695076827181,1.1450826636657592,1.259633212152803
2021-11-02,1.162830581516282,1.1461284969774863,1.264726243350819
2021-11-03,1.17481078036641,1.157936620636983,1.272447479893567
2021-11-04,1.1805878952336109,1.1636307570699767,1.2784439872347106
2021-11-05,1.1842790856228578,1.1672689297841556,1.2828798559842671
2021-11-08,1.1810201133049856,1.1640567670635094,1.2839750674718189
2021-11-09,1.169947667218206,1.1531433578420585,1.2797307562870437
2021-11-10,1.161176872096128,1.1444985402819141,1.2694355371905235
2021-11-11,1.1620874417266247,1.1453960311276001,1.2698462970544935
2021-11-12,1.1693307629933398,1.1525353143976702,1.2794296864624892
2021-11-15,1.1690953395504406,1.1523032724123181,1.27986764661176
2021-11-16,1.1772976444937489,1.1603877651887005,1.2849332997448328
2021-11-17,1.1752662339153337,1.158385532369929,1.2818118447820164
2021-11-18,1.1817840404940578,1.1648097217371558,1.2861657571163858
2021-11-19,1.1811281448347557,1.1641632469040035,1.2838655552120457
2021-11-22,1.1798031996249063,1.1628573322797406,1.2802512950802507
2021-11-23,1.1763233719081851,1.1594274863726046,1.281948823996554
2021-11-24,1.1788442659633107,1.1619121720700456,1.2853715265635675
2021-11-26,1.1567947668006477,1.1401793764796027,1.2567035814242318
2021-11-29,1.1720114288787051,1.1551774770746153,1.2721191208938902
2021-11-30,1.1570021812983122,1.1403838118206044,1.2473666834905468
2021-12-01,1.1422916850586189,1.125884606852149,1.2335117826124753
2021-12-02,1.1422916850586189,1.1257438712762926,1.2524046918892127
2021-12-03,1.1422916850586189,1.1285146643570103,1.2415071553639407
2021-12-06,1.1422916850586189,1.1251418455828082,1.2562107762552532
2021-12-07,1.1422916850586189,1.1194053545478653,1.2821952265810432
2021-12-08,1.1422916850586189,1.1184213225513102,1.2855904621932923
2021-12-09,1.1420061121373544,1.119968248488899,1.276910815597888
2021-12-10,1.1477971549932497,1.125647538691736,1.2889310305654762
2021-12-13,1.1410407902154314,1.1190215548673559,1.2775129552469973
2021-12-14,1.1361357443748583,1.1142111641518957,1.2687237075019986
2021-12-15,1.1469296840289076,1.1247968077488597,1.2885477376562706
2021-12-16,1.1369426160014473,1.1150024651727763,1.2771845962473207
2021-12-17,1.1322394011910373,1.1103900106530509,1.263591564782635
2021-12-20,1.1237627270299906,1.1020769151168188,1.2501552460728032
2021-12-21,1.1343530991272677,1.112462919502062,1.2723568122758977
2021-12-22,1.1385075909585411,1.116537240024677,1.2850787234923886
2021-12-23,1.1417720630305448,1.1197387159448715,1.2930746295827813
2021-12-27,1.1486930180200203,1.1265261138011986,1.3113743770823552
2021-12-28,1.147270582424215,1.1251311276571747,1.3103027213974334
2021-12-29,1.1470877048218464,1.1249517791354497,1.3119788278668167
2021-12-30,1.1438656718280595,1.1217919233253342,1.308351945380405
2021-12-31,1.140152950602095,1.1181508483395017,1.305054666351167
2022-01-03,1.1562429745103875,1.1339303750015688,1.3126109233856853
2022-01-04,1.1584395124975084,1.136084525295538,1.3121711854399896
2022-01-05,1.1323513984077924,1.1104998466034475,1.2869747433795307
2022-01-06,1.1357027550681227,1.1137865304565722,1.285765664030965
2022-01-07,1.1333130260282978,1.111442917214357,1.2806825884929283
2022-01-10,1.131926538928872,1.1100831858505815,1.2790887939980171
2022-01-11,1.137160867090764,1.1152165045615634,1.290739049529586
2022-01-12,1.1381598700887157,1.1161962292985501,1.2942286861319967
2022-01-13,1.1330008210198517,1.1111367369822525,1.2763959657532409
2022-01-14,1.1299453150125633,1.1081401946040113,1.2769180156734088
2022-01-18,1.1181079559337221,1.096392749444919,1.2543042673692044
2022-01-19,1.1130918059556518,1.0945756023368673,1.2412802196503039
2022-01-20,1.1130918059556518,1.0976719787285256,1.2275414088787775
2022-01-21,1.1130918059556518,1.1029119072386977,1.203444089458005
2022-01-24,1.1130918059556518,1.1019369545314908,1.2085548986202699
2022-01-25,1.1130918059556518,1.1054437694021546,1.1937997216326357
2022-01-26,1.1130918059556518,1.1058346897444788,1.1908045791058075
2022-01-27,1.1130918059556518,1.1073988580392997,1.1849246063203152
2022-01-28,1.1130918059556518,1.1001544820442721,1.2143524705414688
2022-01-31,1.1130918059556518,1.0949027685749195,1.236224433287389
2022-02-01,1.1130918059556518,1.0933540631378416,1.2445774097897204
2022-02-02,1.1130918059556518,1.0906477437853996,1.256667314377164
2022-02-03,1.1130918059556518,1.0970111397309685,1.2271294934471313
2022-02-04,1.1130918059556518,1.0954594957462882,1.2328996873033868
2022-02-07,1.1129526694799072,1.09609725524546,1.228942845800516
2022-02-08,1.1168266794610697,1.097780863836544,1.239054596305988
2022-02-09,1.1186316305329107,1.095479108075082,1.2571894531871535
2022-02-10,1.1159886874419567,1.0979834792615317,1.2346032607275348
2022-02-11,1.1065332267806365,1.0886805717036299,1.2102584720444178
2022-02-14,1.1025515815839233,1.084763165823564,1.2063018972110107
2022-02-15,1.1105955110941954,1.0926773156801077,1.225755434590336
2022-02-16,1.1111116541720976,1.0931851313764933,1.2271294934471313
2022-02-17,1.0981685294069579,1.0804508292083244,1.2009164185011008
2022-02-18,1.096439320935371,1.0787495195486778,1.193140248048824
2022-02-22,1.0934594193160776,1.0758176952527625,1.1803359359680394
2022-02-23,1.0934594193160776,1.0758176952527625,1.1593982052433973
2022-02-24,1.0934594193160776,1.0758176952527625,1.1768461215859864
2022-02-25,1.0934594193160776,1.0758176952527625,1.2028120828289577
2022-02-28,1.0934594193160776,1.0758176952527625,1.1997348061072997
2022-03-01,1.0934594193160776,1.0758176952527625,1.1814624366726691
2022-03-02,1.0934594193160776,1.0758176952527625,1.2031969757549457
2022-03-03,1.0934594193160776,1.0758176952527625,1.1972068684809316
2022-03-04,1.0934594193160776,1.0758176952527625,1.187480099791269
2022-03-07,1.0934594193160776,1.0758176952527625,1.1524740437277476
2022-03-08,1.0934594193160776,1.0758176952527625,1.143736440968892
2022-03-09,1.0934594193160776,1.0758176952527625,1.1744008514933757
2022-03-10,1.0934594193160776,1.0758176952527625,1.1690975069782954
2022-03-11,1.0934594193160776,1.0758176952527625,1.154232728841067
2022-03-14,1.0934594193160776,1.0758176952527625,1.1457971736947996
2022-03-15,1.0934594193160776,1.0758176952527625,1.1709937046450798
2022-03-16,1.0934594193160776,1.0758176952527625,1.1969594881084087
2022-03-17,1.0934594193160776,1.0758176952527625,1.2119345785138014
2022-03-18,1.0931860544612486,1.0755487408289492,1.2252086732998622
2022-03-21,1.0925655516987987,1.0749382491728305,1.2248505362100688
2022-03-22,1.1123383124404915,1.0943919989088904,1.2391828643180436
2022-03-23,1.0958792957668404,1.0781985297492858,1.2232242080405822
2022-03-24,1.1104689223675015,1.0925527693185408,1.2416632458900458
2022-03-25,1.1146848853580467,1.0967007125413413,1.2477271317156926
2022-03-28,1.1279074270998586,1.1097099236110644,1.2566023359178344
2022-03-29,1.1423325588760942,1.1239023222927949,1.2721474767468672
2022-03-30,1.1304838187493416,1.1122447481115922,1.2642922832435042
2022-03-31,1.110093070140022,1.0921829810392694,1.2448332346952617
2022-04-01,1.1099853167866807,1.0920769661637288,1.2483610939208074
2022-04-04,1.1235087813017748,1.1053822449600474,1.2590552505350723
2022-04-05,1.1044831403134674,1.0866635610499034,1.2431517059467825
2022-04-06,1.087984536189428,1.0704311431383968,1.2307209977846878
2022-04-07,1.0893612851277443,1.0717856797984655,1.2369225739434422
2022-04-08,1.088626110953736,1.0710623668235901,1.2336151614745825
2022-04-11,1.0838063417834407,1.0663203591469994,1.2125298736466747
2022-04-12,1.0838063417834407,1.0663203591469994,1.208037204301343
2022-04-13,1.0838063417834407,1.0663203591469994,1.2218735272067742
2022-04-14,1.0838063417834407,1.0663203591469994,1.206659234292413
2022-04-18,1.0838063417834407,1.066187069102106,1.2071553283847778
2022-04-19,1.0838063417834407,1.0617812921439997,1.2266418438877849
2022-04-20,1.0838063417834407,1.061964159923244,1.2257324121266338
2022-04-21,1.0838063417834407,1.0658038711918603,1.2074032420962282
2022-04-22,1.0838063417834407,1.0733276027140881,1.1742731168202476
2022-04-25,1.0838063417834407,1.0714796008270346,1.1810811882293522
2022-04-26,1.0838063417834407,1.0794123500617054,1.1468761183450635
2022-04-27,1.0838063417834407,1.0788548254044892,1.1501005966107023
2022-04-28,1.0838063417834407,1.0714247100419365,1.1791517457694223
2022-04-29,1.0838063417834407,1.0817552605357685,1.1355753775906272
2022-05-02,1.0838063417834407,1.080078951315253,1.142410827064675
2022-05-03,1.0838063417834407,1.0787772151936812,1.1476477708832857
2022-05-04,1.0838063417834407,1.0702331783848953,1.1825969374612106
2022-05-05,1.0838063417834407,1.0798151955439086,1.1405642299181449
2022-05-06,1.0838063417834407,1.081302503757358,1.1337563362886829
2022-05-09,1.0838063417834407,1.0904250630337444,1.0974563110973075
2022-05-10,1.0838063417834407,1.0898618925053205,1.0999922488075875
2022-05-11,1.0838063417834407,1.0947407182157771,1.0825175766288038
2022-05-12,1.0838063417834407,1.0949292200638516,1.0813873425516818
2022-05-13,1.0838063417834407,1.0879539601815187,1.1072411248402427
2022-05-16,1.0838063417834407,1.0888904998627837,1.1027485443847322
2022-05-17,1.0838063417834407,1.0830785923265533,1.1254323378680773
2022-05-18,1.0838063417834407,1.0944538720086505,1.0800645731217446
2022-05-19,1.0838063417834407,1.0963383117036103,1.073449303734919
2022-05-20,1.0838063417834407,1.096149534768184,1.0739181086521619
2022-05-23,1.0838063417834407,1.0906763925471201,1.0940110305156978
2022-05-24,1.0838063417834407,1.0927420244438641,1.0856597429199701
2022-05-25,1.0838063417834407,1.0901080073595986,1.095251221301699
2022-05-26,1.0838063417834407,1.084101918412903,1.1171359841818784
2022-05-27,1.0838063417834407,1.0770089640188567,1.144560805171112
2022-05-31,1.0836708659907177,1.0783577808844824,1.138138604476029
2022-06-01,1.0791817744145917,1.076169630149504,1.1289328190286796
2022-06-02,1.087835773617045,1.0847994748539054,1.1504317111948374
2022-06-03,1.072164924919937,1.0691723656436485,1.131551157603253
2022-06-06,1.0772887915962952,1.0742819309057405,1.1349967048543266
2022-06-07,1.083537394722667,1.080513093324237,1.1458838412705128
2022-06-08,1.0722804174495997,1.0692875358178293,1.13342539948419
2022-06-09,1.0471570353264519,1.0442342764980646,1.1064694723020205
2022-06-10,1.029189283509279,1.0263166751392074,1.0743865580101195
2022-06-13,1.029189283509279,1.026188385554815,1.0335940412530549
2022-06-14,1.029189283509279,1.0269560165965772,1.0304794308064742
2022-06-15,1.029189283509279,1.0231149729905147,1.0451702515635275
2022-06-16,1.029189283509279,1.031380682713904,1.0105793109652172
2022-06-17,1.029189283509279,1.0309177493342168,1.0127577338144524
2022-06-21,1.029189283509279,1.0245940644493188,1.0382527567844713
2022-06-22,1.029189283509279,1.0250539344077094,1.0363703370399797
2022-06-23,1.029189283509279,1.022446811997079,1.046529465820175
2022-06-24,1.029189283509279,1.0143394288690084,1.0798026148185376
2022-06-27,1.029189283509279,1.015249980668552,1.0756779493331574
2022-06-28,1.029189283509279,1.0204143376310704,1.053698963242459
2022-06-29,1.029189283509279,1.0205670137459515,1.0528409097979872
2022-06-30,1.029189283509279,1.0228572918205558,1.0442873089691074
2022-07-01,1.029189283509279,1.0202558252733327,1.0553323137078239
2022-07-05,1.029189283509279,1.0196452672414977,1.057325223500122
2022-07-06,1.029189283509279,1.0187299181462968,1.06089610539915
2022-07-07,1.029189283509279,1.0150719974207478,1.0767853387262196
2022-07-08,1.028803337527963,1.0148681636937162,1.0758997294371622
2022-07-11,1.0133239379487187,0.9995984330726858,1.0636091116333486
2022-07-12,1.0072177516543734,0.9935749552653488,1.0541972795803547
2022-07-13,1.0074144598797727,0.9937689990715965,1.0486608659539718
2022-07-14,1.0074817041372202,0.9938353325034442,1.046114439244785
2022-07-15,1.0205527199076212,1.0067293009507015,1.0661003377635427
2022-07-18,1.0170636401987665,1.0032874809371557,1.0572977565453576
2022-07-19,1.0392072006446798,1.025131106154569,1.0858650784070447
2022-07-20,1.0492754637885116,1.035062994354813,1.0927854176603808
2022-07-21,1.0637720621312268,1.0493632358132317,1.1039135343819606
2022-07-22,1.053207969131107,1.0389422337878276,1.0936711158392596
2022-07-25,1.0512965511061019,1.03705670598059,1.0950000186668625
2022-07-26,1.0300547097118826,1.0161025860017185,1.0820450383390687
2022-07-27,1.040713546505949,1.0266170485133752,1.1101418663769096
2022-07-28,1.045988431722339,1.0318204852422215,1.124065567976624
2022-07-29,1.0537264532909734,1.0394536950633055,1.1404530287517682
2022-08-01,1.0506460022103503,1.0364149687902628,1.137075926663053
2022-08-02,1.0458452797158146,1.0316792722341657,1.1295741590889576
2022-08-03,1.0541381083101977,1.0398597742022393,1.147262611287834
2022-08-04,1.053062507045,1.0387987419902902,1.1464875809364046
2022-08-05,1.0545187834546406,1.040235293089778,1.1445498717230989
2022-08-08,1.0540320975819082,1.0397551993926266,1.1432211466751385
2022-08-09,1.0542889774058506,1.040008599771207,1.1386814546143684
2022-08-10,1.066268240512254,1.0518256033789242,1.1625982388081937
2022-08-11,1.0696075777159577,1.0551197091543,1.1625982388081937
2022-08-12,1.0789926937272833,1.064377703471613,1.1822800452484745
2022-08-15,1.08013164031569,1.0655012229923593,1.1871519185712347
2022-08-16,1.0828603676267843,1.068192989605486,1.1894770985153444
2022-08-17,1.0792471794347676,1.0646287421621186,1.181034254403735
2022-08-18,1.080437748139226,1.0658031845757177,1.1844669126307281
2022-08-19,1.0705823031281754,1.0560812318798969,1.168549856789609
2022-08-22,1.0580989844110096,1.0437670001106505,1.1442178682407513
2022-08-23,1.057286054755446,1.0429650816130527,1.1414493947580961
2022-08-24,1.057286054755446,1.0429650816130527,1.1451037441992724
2022-08-25,1.057286054755446,1.0429650816130527,1.1612696026500544
2022-08-26,1.057286054755446,1.0429650816130527,1.1219618125772342
2022-08-29,1.057286054755446,1.0429650816130527,1.1145433347656446
2022-08-30,1.057286054755446,1.0429650816130527,1.1023077397611816
2022-08-31,1.057286054755446,1.042834710977851,1.0939202740082075
2022-09-01,1.057286054755446,1.04200553778778,1.0973528433453792
2022-09-02,1.057286054755446,1.044822585811705,1.08578187753436
2022-09-06,1.057286054755446,1.0456534518441547,1.0816852123426717
2022-09-07,1.057286054755446,1.0409971641474476,1.1011175050547197
2022-09-08,1.057286054755446,1.0395072487612813,1.108314736101232
2022-09-09,1.057286054755446,1.035374332174142,1.125532694476262
2022-09-12,1.057286054755446,1.0327398078810592,1.1376294435799414
2022-09-13,1.057021733241757,1.043321408783633,1.0881626136167473
2022-09-14,1.0593600515644337,1.044633924951295,1.092314746056892
2022-09-15,1.0593600515644337,1.0476242968081952,1.0799135493154506
2022-09-16,1.0593600515644337,1.0497901536556842,1.0716748851232396
2022-09-19,1.0593600515644337,1.04778674479369,1.0799855500706586
2022-09-20,1.0593600515644337,1.0507861419210713,1.0675888867101007
2022-09-21,1.0593600515644337,1.0575552848322702,1.0489662913797673
2022-09-22,1.0593600515644337,1.0599278613928764,1.0401550878489214
2022-09-23,1.0593600515644337,1.0648536211638686,1.0227273494957547
2022-09-26,1.0593600515644337,1.067583920605993,1.0126099989315442
2022-09-27,1.0593600515644337,1.0684392910023628,1.0100249051501162
2022-09-28,1.0593600515644337,1.0626179398046673,1.029898713604285
2022-09-29,1.0593600515644337,1.068577851899718,1.0083850657278006
2022-09-30,1.0593600515644337,1.0732013437189414,0.9927918355054747
2022-10-03,1.0593600515644337,1.0656341889689396,1.0190027770957952
2022-10-04,1.0593600515644337,1.0565835164149355,1.0505782193982123
2022-10-05,1.0593600515644337,1.057260875247783,1.048132415966674
2022-10-06,1.0593600515644337,1.0603104897322873,1.037319947000333
2022-10-07,1.0593600515644337,1.0681264541169129,1.0083850657278006
2022-10-10,1.0593600515644337,1.070522803987621,1.0006857849709
2022-10-11,1.0593600515644337,1.072409875863971,0.9943484740551056
2022-10-12,1.0593600515644337,1.0734409603262411,0.9910684396511892
2022-10-13,1.0593600515644337,1.065700199508395,1.0172238251032322
2022-10-14,1.0593600515644337,1.0721896775996338,0.9940427819598463
2022-10-17,1.0593600515644337,1.064629771313006,1.0195866943315495
2022-10-18,1.0593600515644337,1.0612176430484905,1.0315660199813652
2022-10-19,1.059227631557988,1.0631256758945913,1.0242561655313362
2022-10-20,1.0549767196318365,1.0612442698880349,1.015667453223065
2022-10-21,1.062697277393488,1.0620381002834074,1.0403496676676254
2022-10-24,1.0661602448228762,1.062132528327644,1.0530797567476708
2022-10-25,1.0735552841007188,1.0694996307903344,1.0698961109103189
2022-10-26,1.06624641066801,1.0622183686573619,1.0618354930300602
2022-10-27,1.0621975608873062,1.0581848145314412,1.0561653002227045
2022-10-28,1.0835111253934726,1.0794178611269554,1.0812920526633079
2022-10-31,1.0748556091244577,1.0707950434750768,1.073481570740031
2022-11-01,1.0690242179217608,1.06498568197256,1.068784099246552
2022-11-02,1.0395188663497439,1.0355917950624467,1.0419616845758914
2022-11-03,1.0339600713593433,1.0300539999643092,1.0312329498211625
2022-11-04,1.0389232293202213,1.034998408217266,1.0460754166132586
2022-11-07,1.0417027803983143,1.0377674587690255,1.0560816549009135
2022-11-08,1.043342366401112,1.0394008507802344,1.06177975911214
2022-11-09,1.0385803690750486,1.0346568432219132,1.0399048630021186
2022-11-10,1.0525556206843252,1.0485792994360277,1.0970520401902881
2022-11-11,1.054957602880009,1.0509722074767167,1.1076698404481042
2022-11-14,1.0505919746180794,1.0466230715882816,1.0982471638369184
2022-11-15,1.054756620919441,1.0507719847813357,1.1076143731996477
2022-11-16,1.045670432989438,1.0417201224503054,1.0991645956819813
2022-11-17,1.040405463715356,1.0364750430602208,1.0958013604053802
2022-11-18,1.0431303388890567,1.0391896242610055,1.1007763459207838
2022-11-21,1.0375504067756531,1.0336307718912188,1.0967739039396147
2022-11-22,1.044179026351844,1.0402343500155853,1.11153343652849
2022-11-23,1.048036377255854,1.0440771287050157,1.1185377766629019
2022-11-25,1.0471509422120575,1.0431950386380635,1.118287551816099
2022-11-28,1.0365657401242203,1.0326498250915939,1.1004432757605813
2022-11-29,1.0355182098272306,1.0316062521312963,1.0985530337118203
2022-11-30,1.0609280225803606,1.0569200722581173,1.133158018901887
2022-12-01,1.0594721298060608,1.0554696795232075,1.1323242323786151
2022-12-02,1.056616395043615,1.0526247330921261,1.131017818675787
2022-12-05,1.0368755202553512,1.0329584349422252,1.1106718274911684
2022-12-06,1.0245282841707695,1.020657843971912,1.0946616151173851
2022-12-07,1.0245282841707695,1.020657843971912,1.0927991066928524
2022-12-08,1.0245282841707695,1.020657843971912,1.1013601742667167
2022-12-09,1.0245282841707695,1.020657843971912,1.0931329768614462
2022-12-12,1.0245282841707695,1.020657843971912,1.1088927866087839
2022-12-13,1.0245282841707695,1.020657843971912,1.1172867413187089
2022-12-14,1.0242721520997269,1.0204026795109191,1.1101435552835133
2022-12-15,1.0094104075034993,1.0055970792833722,1.0829876260035438
2022-12-16,1.004052555410963,1.000259467965482,1.070201714115757
2022-12-19,1.0018751258531051,0.9979652318191549,1.061126774485279
2022-12-20,1.0018751258531051,0.9975017597050566,1.0625787897153054
2022-12-21,1.0018751258531051,0.9939503192509451,1.0784669563645202
2022-12-22,1.0018751258531051,0.9976702923415302,1.063081372764621
2022-12-23,1.0018751258531051,0.9962759036276303,1.069196548017126
2022-12-27,1.0018751258531051,0.9972042083520924,1.0649801482362216
2022-12-28,1.0018751258531051,1.0003014579189649,1.0517448094122233
2022-12-29,1.0018751258531051,0.9961071556569552,1.0706762968713806
2022-12-30,1.0018751258531051,0.996880629128127,1.0678561784025824
2023-01-03,1.0018751258531051,0.9976546859551355,1.0633603090236858
2023-01-04,1.0018751258531051,0.995950438650281,1.0715700840239923
2023-01-05,1.0017498914623735,0.9987646333767584,1.0593395557393401
2023-01-06,1.0073215075223128,0.9985807480481538,1.0836324327668503
2023-01-09,1.0063756238623278,0.9977981819697214,1.083018204102052
2023-01-10,1.0078294900427744,0.997535095231116,1.0906133948782752
2023-01-11,1.009979889139364,0.9965954903354702,1.104407317338973
2023-01-12,1.0117038960969995,0.9982966505048579,1.108428248402961
2023-01-13,1.0187817909445307,1.0052807480715225,1.1127283823954777
2023-01-17,1.017250191116352,1.003769445224629,1.1106897832350597
2023-01-18,1.0016037366244104,0.9883303397987817,1.0931543104185448
2023-01-19,0.9902332811092982,0.9771105671961045,1.0851963602818233
2023-01-20,1.0112737686838091,0.9978722232020328,1.105412483437604
2023-01-23,1.0269650663472376,1.0133555775312064,1.1186757336654731
2023-01-24,1.02599438045342,1.0123977553065133,1.1174752766295681
2023-01-25,1.0289151343930423,1.015279802994698,1.1178940365774503
2023-01-26,1.0437589301703392,1.0299268866546714,1.1301801210003803
2023-01-27,1.053297412230561,1.0393389633782615,1.1327769482382126
2023-01-30,1.038083974409606,1.0243271362241757,1.1185641769398114
2023-01-31,1.0559232199469388,1.041929973512988,1.1350108383359043
2023-02-01,1.070154154493126,1.0559723176670628,1.1470735426380472
2023-02-02,1.0943109454746973,1.0798089793789365,1.1637713177791553
2023-02-03,1.075738235461718,1.0614823975912375,1.151401410254792
2023-02-06,1.0710227980869569,1.0568294498710105,1.1443648920050895
2023-02-07,1.084614324960205,1.0702408598746243,1.1593317156571064
2023-02-08,1.0718925773304342,1.057687702674812,1.146654693800344
2023-02-09,1.0630459527167415,1.048958314803327,1.1367141450905884
2023-02-10,1.062720004919889,1.0486366865135748,1.1393667951361623
2023-02-13,1.0737316571159639,1.059502410710422,1.1527417798693356
2023-02-14,1.0742159179688056,1.0599802540687677,1.152211196526328
2023-02-15,1.0776977047854601,1.0634158997455783,1.1559530135516087
2023-02-16,1.0653347103700095,1.0512167415108735,1.1400368466087023
2023-02-17,1.0626824223175475,1.0485996019612864,1.137188727846212
2023-02-21,1.0443835965283543,1.0305432748442342,1.1143756885627778
2023-02-22,1.0440818962455067,1.0302455727369426,1.1128401169007818
2023-02-23,1.0443081591977754,1.030468837220014,1.1187598234363703
2023-02-24,1.0444039326635812,1.0305633414820712,1.1068085869700677
2023-02-27,1.0444039326635812,1.030434521064386,1.110578137619577
2023-02-28,1.0444039326635812,1.0312633885803115,1.106473561233798
2023-03-01,1.0444039326635812,1.0322587705427984,1.1022294278286653
2023-03-02,1.0444039326635812,1.0305981746947626,1.1108016066301851
2023-03-03,1.0444039326635812,1.0264532158452297,1.128616460154871
2023-03-06,1.0444039326635812,1.0261229388063728,1.129398246132715
2023-03-07,1.0444039326635812,1.0300848041448816,1.1120861534369872
2023-03-08,1.0444039326635812,1.0297533585868837,1.1139009280275118
2023-03-09,1.0444039326635812,1.0347232392718413,1.0933496902456399
2023-03-10,1.0444039326635812,1.038551813575567,1.0775733469915507
2023-03-13,1.0444039326635812,1.039387191921749,1.0760375975499121
2023-03-14,1.0444039326635812,1.0347053102518597,1.0938245396707271
2023-03-15,1.0444039326635812,1.036536317259641,1.0869833123582986
2023-03-16,1.0444039326635812,1.032034028679508,1.1060547123960944
2023-03-17,1.0442733821719983,1.0350595398785818,1.0931220434134332
2023-03-20,1.0451998455592364,1.0334801210718683,1.1036329981061135
2023-03-21,1.0489451349351224,1.0338581639792195,1.118124172324652
2023-03-22,1.0453155069108317,1.0345053355875216,1.0990641501839753
2023-03-23,1.048426899320971,1.0372491253808247,1.10203547023871
2023-03-24,1.049406924699626,1.0367049192963531,1.1092669238664015
2023-03-27,1.0475741003551466,1.0343900055840498,1.1113409900654958
2023-03-28,1.046034419187707,1.033243550929903,1.1088465639017369
2023-03-29,1.0546385688039224,1.0417424893387313,1.124963355171192
2023-03-30,1.0586327259799069,1.0456878061158705,1.1315503575948618
2023-03-31,1.0740649989577118,1.060931373858975,1.1474991471021652
2023-04-03,1.0719113556841833,1.0588040652517638,1.151871726298996
2023-04-04,1.0689760583950667,1.055904660663914,1.1454810814904548
2023-04-05,1.0599325881137114,1.0469717735859794,1.1424818500318492
2023-04-06,1.0629034849554018,1.0499063424164568,1.1469386078893984
2023-04-10,1.064196230724407,1.0511832805403991,1.1481157757921372
2023-04-11,1.062910121731538,1.049912898038352,1.1484241345820339
2023-04-12,1.0549679015968163,1.0420677950630224,1.1437431077054854
2023-04-13,1.0662542195602727,1.0532161043686965,1.1589351781645354
2023-04-14,1.0676924528369844,1.0546367509847507,1.1561042151375454
2023-04-17,1.072070600356141,1.058961362686057,1.1602525253153766
2023-04-18,1.0731016446575428,1.0599797994177789,1.161009333253451
2023-04-19,1.0735871711431024,1.0604593889043272,1.1608131534179646
2023-04-20,1.0690829999183071,1.0560102945103609,1.1544785091968075
2023-04-21,1.0685947154771283,1.0555279807923674,1.1553755852728056
2023-04-24,1.067644436509191,1.0545893217987485,1.156580575689594
2023-04-25,1.0532930856035383,1.0404134586546727,1.138221449789429
2023-04-26,1.0512421646398709,1.0383876162729069,1.1334001547749568
2023-04-27,1.0681347573088416,1.0550736469747013,1.1559643025589068
2023-04-28,1.0755400991458106,1.062388436579255,1.1658304504882806
2023-05-01,1.071523345898553,1.0584208000347246,1.1646532825855418
2023-05-02,1.0599380324374907,1.0469771513367787,1.1515634563989205
2023-05-03,1.0509828889345691,1.038131510980861,1.143658929044767
2023-05-04,1.0461081047664744,1.0333163354842743,1.1355587551940545
2023-05-05,1.061995359877904,1.0490093218571412,1.156580575689594
2023-05-08,1.0636635476145773,1.0506571110589502,1.1568890233693119
2023-05-09,1.0605870082324693,1.0476181914809373,1.1518155479319694
2023-05-10,1.066262582025576,1.053224364578098,1.157197204379566
2023-05-11,1.067948177366683,1.0548893485248299,1.1551791387678556
2023-05-12,1.064283887195767,1.0512698651518306,1.153665611781528
2023-05-15,1.0671168239347235,1.054068160850353,1.157645831307386
2023-05-16,1.0644968627255684,1.0514802364251243,1.1499097501644906
2023-05-17,1.076828947552645,1.0636615249978196,1.1638684743537755
2023-05-18,1.0892416026346292,1.0759223986154747,1.1750802363971462
2023-05-19,1.085785653781616,1.0725087089708334,1.1733702629058687
2023-05-22,1.0859096983854564,1.072631236762075,1.1738469790172021
2023-05-23,1.0731810963490156,1.0600582795770537,1.1606729741698625
2023-05-24,1.0650593078904622,1.0520358040323832,1.1522639970801472
2023-05-25,1.0732966137143851,1.0601723844005653,1.1622427684130376
2023-05-26,1.0909113691403896,1.0775717472812436,1.1772945707341642
2023-05-30,1.0943164698503633,1.080935210551964,1.1777429309925207
2023-05-31,1.0883660615227289,1.0750575635862913,1.1712121958256985
2023-06-01,1.0979780965445063,1.0845520630170806,1.1823399569879933
2023-06-02,1.111270766427794,1.0976821906492218,1.199437736324701
2023-06-05,1.1116670108406632,1.0980735898007976,1.1971394899964285
2023-06-06,1.1188402242496251,1.1051590894347478,1.1997461840044188
2023-06-07,1.1113421849529055,1.0977527358713817,1.1955976960469452
2023-06-08,1.121241484282189,1.10753098695288,1.2028294163441002
2023-06-09,1.1246877196289966,1.1109350818676924,1.204987661203913
2023-06-12,1.1381649333865893,1.1242474967788096,1.2159191536409004
2023-06-13,1.1478225950221246,1.1337870649028956,1.2239354155003581
2023-06-14,1.149308427931262,1.1352547291049184,1.2253931196789443
2023-06-15,1.1633271738549869,1.1491020543478696,1.240585101248173
2023-06-16,1.158880447582343,1.1447097024714108,1.2363594569258594
2023-06-20,1.1569167587997689,1.142770025599015,1.2299450785350459
2023-06-21,1.1462275549169993,1.1322115288862367,1.2236430568782855
2023-06-22,1.153191598443801,1.139090416359223,1.2280600809857383
2023-06-23,1.1423077774639396,1.1283396823196585,1.21877580582623
2023-06-26,1.1317487198099585,1.1179097404126368,1.2137961980401217
2023-06-27,1.1498538830859875,1.1357935144551934,1.2271033598396854
2023-06-28,1.1512624896537096,1.137184896636505,1.227722388554831
2023-06-29,1.1572297941258773,1.1430792331413118,1.2325612837539095
2023-06-30,1.1731142887691892,1.1587694928009582,1.2471064140939434
2023-07-03,1.1801214655892147,1.1656909861349338,1.2485412735884696
2023-07-05,1.1791218807556012,1.1647036241858495,1.2466843652226751
2023-07-06,1.1656312019542716,1.1513779088810272,1.2369219517146934
2023-07-07,1.164506005932864,1.1502664717128754,1.2337990745147371
2023-07-10,1.1678108682757664,1.1535309223273844,1.2369219517146934
2023-07-11,1.178025136514302,1.1636202908905435,1.2447993676733675
2023-07-12,1.1902510319291562,1.1756966885310258,1.2548150282820745
2023-07-13,1.2034760549680161,1.188759996501726,1.2647743327441123
2023-07-14,1.2019705791636754,1.1872729295970594,1.2639865022584238
2023-07-17,1.2111521367198845,1.196342215424013,1.268375259402721
2023-07-18,1.2219510776615685,1.207009107335211,1.2778003360390802
2023-07-19,1.225337671607411,1.2103542901417932,1.280641788064977
2023-07-20,1.2039798784024822,1.1892576592028001,1.272145254501336
2023-07-21,1.2018324626292307,1.1871365019462345,1.272145254501336
2023-07-24,1.2093897542450878,1.1946013832936806,1.2778285141124146
2023-07-25,1.209912940848224,1.1951181723913502,1.281316995147149
2023-07-26,1.2105883207667023,1.1957852937904119,1.2815138861012054
2023-07-27,1.199380117280027,1.18471414378073,1.2730175303172069
2023-07-28,1.2101521988825803,1.195354504787753,1.285480861043698
2023-07-31,1.2120782256026013,1.1972569801278337,1.2879284422716613
2023-08-01,1.2067495274019382,1.191993441041842,1.2842428036134068
2023-08-02,1.1854314488304092,1.1709360391072536,1.2663779051193604
2023-08-03,1.184742162748701,1.170255181588986,1.2627488003874174
2023-08-04,1.1844315287680605,1.169948346028598,1.257037629372468
2023-08-07,1.1978910421809945,1.1832432770341839,1.2680095666781217
2023-08-08,1.1879353544835527,1.1734093270993031,1.262495464396871
2023-08-09,1.1756729456039232,1.161296862479275,1.2540555536493627
2023-08-10,1.176757205875008,1.1623678644578692,1.2545055139245016
2023-08-11,1.1762150904165445,1.16183237796618,1.2537741284753032
2023-08-14,1.1780027279719698,1.1634529273117504,1.260695089957388
2023-08-15,1.1722005846824481,1.160868036113317,1.2460093359201456
2023-08-16,1.1716030239748594,1.1627871459492765,1.2368658622374884
2023-08-17,1.1716030239748594,1.1650926090359883,1.227441141160414
2023-08-18,1.1716030239748594,1.1653025829680326,1.228031991802225
2023-08-21,1.1716030239748594,1.1634122248345729,1.236021764494952
2023-08-22,1.1716030239748594,1.164251069413462,1.2326739960472475
2023-08-23,1.1716030239748594,1.1611032772998497,1.2464031178282582
2023-08-24,1.1716030239748594,1.1650796699639125,1.229129069976023
2023-08-25,1.1716030239748594,1.1633996450409017,1.2377943164203855
2023-08-28,1.1716030239748594,1.1613026821485268,1.2456435543057252
2023-08-29,1.1716030239748594,1.157325629435017,1.2636489876071588
2023-08-30,1.1714565735968625,1.1559293366261798,1.2688538422003004
2023-08-31,1.1720418417030256,1.1571957825659382,1.2669968449446847
2023-09-01,1.1704923090007255,1.1556658775367423,1.2693599808424658
2023-09-05,1.1696572852593,1.1548414309022126,1.263873878854907
2023-09-06,1.1623557261006345,1.1476323593794022,1.2553776119607298
2023-09-07,1.1594437032050797,1.1447572225936924,1.251523349311575
2023-09-08,1.1608657390111408,1.1461612457086354,1.2534082579710615
2023-09-11,1.1752051115753828,1.1603189838247692,1.261651544433977
2023-09-12,1.1696073245324299,1.1547921030195627,1.2547307607315348
2023-09-13,1.173376149249185,1.1585131886602613,1.256193620519753
2023-09-14,1.183920497442614,1.1689239733483003,1.267024934128198
2023-09-15,1.1685453334274232,1.153743563979309,1.2517594406768
2023-09-18,1.1666286646555155,1.1518511733320564,1.252493581710457
2023-09-19,1.163622489667449,1.1488830770627365,1.249896132243876
2023-09-20,1.1518082571741166,1.1372184934880816,1.2384053450516193
2023-09-21,1.1369557885182509,1.1224120062715197,1.217936597023862
2023-09-22,1.1347941448943104,1.1210623354995797,1.215197990521145
2023-09-25,1.1353161395104374,1.1204028933804349,1.22030808856484
2023-09-26,1.1353161395104374,1.12451339485151,1.2023801671875314
2023-09-27,1.1353161395104374,1.12451339485151,1.202860261112072
2023-09-28,1.1353161395104374,1.1231382149926123,1.2098337564785124
2023-09-29,1.1353161395104374,1.123923043857997,1.2068974590133479
2023-10-02,1.1353161395104374,1.1241194040654658,1.2064174539786283
2023-10-03,1.1353161395104374,1.1280471460490984,1.190268484593883
2023-10-04,1.1353161395104374,1.125879364330571,1.1989358643939554
2023-10-05,1.1353161395104374,1.126272725887834,1.1984842152122128
2023-10-06,1.1353161395104374,1.1231245429444146,1.2127135200173655
2023-10-09,1.1353161395104374,1.1211623994229156,1.2204776014539531
2023-10-10,1.1353161395104374,1.11998715317355,1.2268299347495377
2023-10-11,1.1351742249929986,1.1184774890056033,1.2318554096834082
2023-10-12,1.1340461651472653,1.119375687471335,1.2243452864661157
2023-10-13,1.129082689665355,1.1144764215061889,1.2182470891694686
2023-10-16,1.1351782086632172,1.120493086416687,1.231064823613261
2023-10-17,1.1342400937973312,1.1195671073823221,1.231008378576771
2023-10-18,1.1266098210553956,1.112035542919963,1.214605006523624
2023-10-19,1.117835721617055,1.1033749487637639,1.203932983474849
2023-10-20,1.1060602532586081,1.0917518126039396,1.1891390505251522
2023-10-23,1.103926035035475,1.08964520348682,1.187078140019602
2023-10-24,1.1077755390686157,1.093444908786261,1.1960279227817678
2023-10-25,1.1027513975696945,1.0884857616041197,1.1788624094012718
2023-10-26,1.1021691200808992,1.0879110166913015,1.1647459946690997
2023-10-27,1.097208950942236,1.0830150142972155,1.1594664726261128
2023-10-30,1.097208950942236,1.0830150142972155,1.1733288402491688
2023-10-31,1.097208950942236,1.0830150142972155,1.1806974508710402
2023-11-01,1.097208950942236,1.0830150142972155,1.193289405168872
2023-11-02,1.097208950942236,1.0830150142972155,1.2161578228109415
2023-11-03,1.097208950942236,1.0830150142972155,1.2272534058579458
2023-11-06,1.096660346466765,1.0824735067900668,1.2300767243603088
2023-11-07,1.1026843721927444,1.088419603294425,1.2335775610801962
2023-11-08,1.1026544414118638,1.0883900597101739,1.2344809483335024
2023-11-09,1.0920186576443005,1.0778918647226121,1.224853558463991
2023-11-10,1.1099858221854109,1.0956265987909597,1.2439672700566993
2023-11-13,1.1096130543448857,1.0952586532252684,1.2427814798412997
2023-11-14,1.1358642951358742,1.1211702973985656,1.2668922216250802
2023-11-15,1.1386624907430014,1.123932294420971,1.2695742942014858
2023-11-16,1.137407577789953,1.122693615527019,1.2711273771582672
2023-11-17,1.141329454655799,1.1265647574150695,1.2727082826290979
2023-11-20,1.1499499414073115,1.1350737260799904,1.282505096497901
2023-11-21,1.1465877869715793,1.1317550658273947,1.2797099560688725
2023-11-22,1.1510764519350372,1.1361856636140788,1.2846508078929184
2023-11-24,1.152059602218637,1.137156095469866,1.285441127293602
2023-11-27,1.1507108351794815,1.1358247766240437,1.2831261696789353
2023-11-28,1.1534567808361493,1.1385351996223811,1.284396760783802
2023-11-29,1.1542618105075815,1.139329815105938,1.283493106861032
2023-11-30,1.1576768157975277,1.1427006425128234,1.2885467598682367
2023-12-01,1.166828213740379,1.1517336542882062,1.2961698620483308
2023-12-04,1.1608261389144743,1.1458092247182434,1.2893656129015398
2023-12-05,1.1605202864692656,1.1455073289033797,1.2891114769026022
2023-12-06,1.15643646158946,1.1414763340260667,1.283916933528725
2023-12-07,1.166952146173129,1.15185598348112,1.2937134807280646
2023-12-08,1.1727287794943297,1.1575578879484298,1.2992754946229659
2023-12-11,1.1793491401978695,1.1640926050010383,1.3043291476301706
2023-12-12,1.186561064776798,1.1712112332206233,1.310286187890682
2023-12-13,1.2044045334424738,1.1888238715931716,1.3283551774143054
2023-12-14,1.2129187606452108,1.1972279553256124,1.3326184221310056
2023-12-15,1.2126979885741938,1.1970100392509726,1.3304240880037674
2023-12-18,1.2198621544459,1.2040815265891962,1.3379079887237928
2023-12-19,1.2288340002094849,1.212937308944578,1.3460435407233604
2023-12-20,1.2066148153670064,1.1910055604210317,1.3273910784130891
2023-12-21,1.2218860485292693,1.206079238764032,1.3399773437623612
2023-12-22,1.2212525961727496,1.2054539810021776,1.3426701720071375
2023-12-26,1.2275469159059005,1.2116668748816304,1.3483396536959231
2023-12-27,1.2311386876889856,1.2152121820591464,1.3507775459333706
2023-12-28,1.230302693333742,1.214387002463392,1.3512878623971345
2023-12-29,1.2246046752471078,1.2087626962323297,1.3473759991438132
2024-01-02,1.2152549898239398,1.1995339621032914,1.3398355644974764
2024-01-03,1.1991931670093792,1.1836799214939686,1.3288935830615822
2024-01-04,1.1978229614190783,1.1823274414347278,1.3246130048297395
2024-01-05,1.200076397288616,1.1845517259507896,1.3264272460813367
2024-01-08,1.2135235945714808,1.1978249648767507,1.3453633558111988
2024-01-09,1.2115066436234119,1.195834106018022,1.3433224455154285
2024-01-10,1.2161811732102725,1.2004481640085252,1.3509193251982554
2024-01-11,1.2154656128525476,1.1997418604276198,1.3503241189552033
2024-01-12,1.2152353025957756,1.1995145295570353,1.3512595065441575
2024-01-16,1.2116201479317927,1.195946141988981,1.3462988322899743
2024-01-17,1.2072448024025753,1.1916273976907217,1.3388151982394128
2024-01-18,1.215443010562696,1.1997195505300875,1.3507208342274168
2024-01-19,1.2317999003379292,1.2158648409951072,1.3675591441759123
2024-01-22,1.2346377256722063,1.2186659550785603,1.370450730060991
2024-01-23,1.2376598210551293,1.2216489554191365,1.3744475719834217
2024-01-24,1.2413970292038214,1.225337817538892,1.3759499877420938
2024-01-25,1.2454828048658897,1.229370737962363,1.3834337995722978
2024-01-26,1.2441911479556989,1.2280957904458887,1.3816761811368332
2024-01-29,1.2515516650853085,1.2353610889631068,1.3926182514625487
2024-01-30,1.2534310657871242,1.2372161769809353,1.3915410846087097
2024-01-31,1.2360708512098062,1.2200805411273352,1.3688348020005898
2024-02-01,1.2452448333500223,1.2291358449418148,1.3867503676927455
2024-02-02,1.2564528112414037,1.2401988319196857,1.4013492763746322
2024-02-05,1.252359379519533,1.2361583544782835,1.3962466450759217
2024-02-06,1.2553058154998253,1.2390666741767165,1.40030046537377
2024-02-07,1.268286897608603,1.251879827782106,1.4119795212074224
2024-02-08,1.2691319757259976,1.2527139736288075,1.4126031721932728
2024-02-09,1.2782541823366607,1.2617181717028254,1.4207670800458174
2024-02-12,1.2780505482022597,1.2615171718615552,1.420143429059967
2024-02-13,1.2554831279571588,1.2392416928487286,1.400583846123897
2024-02-14,1.26951546191301,1.2530924988841414,1.413311890738054
2024-02-15,1.2832280292717995,1.2666276749519063,1.4230632819082014
2024-02-16,1.274643931301927,1.2581546243286987,1.4159765409094958
2024-02-20,1.2656860020077556,1.2493125784136803,1.408181081366009
2024-02-21,1.2680488008981519,1.2516448111865413,1.4094565614110441
2024-02-22,1.2969353695511856,1.2801576915598714,1.4386260229218404
2024-02-23,1.296475213387742,1.279703488161783,1.4396180333269273
2024-02-26,1.2939875101882643,1.27724796689226,1.4343454446899977
2024-02-27,1.297782594116551,1.2809939560872288,1.4370101837512608
2024-02-28,1.298017541278829,1.281225863878443,1.4351110527203752
2024-02-29,1.3047731386633301,1.2878940681358715,1.440270129055576
2024-03-01,1.3148650442646221,1.2978554207840463,1.4537918708836235
2024-03-04,1.309309110719927,1.2923713610320957,1.4522326545291764
2024-03-05,1.294210710529818,1.2774682798243515,1.437718902296042
2024-03-06,1.2993771039891369,1.2825678387382706,1.4450041342655862
2024-03-07,1.311003518078669,1.2940438488552013,1.459347751380859
2024-03-08,1.302375870545995,1.2855278120438662,1.450588548395441
2024-03-11,1.300372076834394,1.2835499402142987,1.4493412464237403
2024-03-12,1.3145586576463917,1.2975529977064382,1.4649321655107137
2024-03-13,1.313129700121617,1.2961425257513972,1.4626358747585086
2024-03-14,1.3059767728113971,1.289082131588105,1.4597447333225362
2024-03-15,1.2949557915381735,1.2782037221648683,1.4497212504095598
2024-03-18,1.3056389054320892,1.2887486349972164,1.4583371630031319
2024-03-19,1.3136123967578182,1.2966189780296145,1.4664414257856215
2024-03-20,1.3317604862183197,1.3145322964997688,1.480004945829654
2024-03-21,1.3404179364245619,1.3230777504452902,1.484896019353803
2024-03-22,1.3322052246812284,1.3149712816469021,1.4820806120455308
2024-03-25,1.326888103424019,1.309722944810558,1.477986257989195
2024-03-26,1.326681415008199,1.3095189301992827,1.4752562737991386
2024-03-27,1.34026525945955,1.3229270485709546,1.4876540038375514
2024-03-28,1.3406540726435212,1.3233108319110702,1.4873695564095695
2024-04-01,1.3358644601027747,1.3185831797260967,1.4847818848233252
2024-04-02,1.3224640866449366,1.305356158893314,1.4753416969173543
2024-04-03,1.3238379906908382,1.306712289563445,1.4769621583586388
2024-04-04,1.304242276817035,1.2873700737321068,1.4589342359324302
2024-04-05,1.3183264879874876,1.3012720858775908,1.4741757291320923
2024-04-08,1.3204406073118957,1.3033588561034293,1.4750000933343124
2024-04-09,1.3199886312515843,1.3029127269873664,1.4767063334530977
2024-04-10,1.3064307446632686,1.2895302306773653,1.4619200450280279
2024-04-11,1.312739489274418,1.2957573628287882,1.4729530496408763
2024-04-12,1.295507775529321,1.2787485654689186,1.4526216363869418
2024-04-15,1.2843670396073217,1.2677519505912473,1.4344229566141227
2024-04-16,1.2833979605840198,1.2666369389704468,1.4318068402850803
2024-04-17,1.2833979605840198,1.2684288518270186,1.4233332402953205
2024-04-18,1.2833979605840198,1.2691979162545222,1.4204044095751405
2024-04-19,1.2833979605840198,1.2722759854265024,1.4080065906469064
2024-04-22,1.2833979605840198,1.2697046980107025,1.4209730377616405
2024-04-23,1.2833979605840198,1.2658555617983076,1.4378352590720507
2024-04-24,1.2833979605840198,1.2655997627755349,1.437152940804179
2024-04-25,1.2833979605840198,1.2671344342258948,1.431693150203709
2024-04-26,1.2832375358389467,1.2641590350753287,1.4452568480273837
2024-04-29,1.2827659863933536,1.262927994045843,1.4503752128244545
2024-04-30,1.2796235095258874,1.2644284907511059,1.4273995051681432
2024-05-01,1.2794635565871966,1.2658036615958317,1.4227646121088204
2024-05-02,1.2842793964026042,1.2677540909233271,1.436072129467669
2024-05-03,1.2871765342266865,1.2667707004547815,1.453872849510777
2024-05-06,1.2947792109009513,1.270924657148355,1.4688866958782323
2024-05-07,1.2931730452395263,1.2689323670744936,1.4705075128788017
2024-05-08,1.2929603013003916,1.2687236110450815,1.470649825482614
2024-05-09,1.3002235514792795,1.2758507107600645,1.4791233365825527
2024-05-10,1.3008985174710668,1.2765130244363405,1.4810286899009253
2024-05-13,1.2999127995333197,1.2755457838952409,1.4812277142106913
2024-05-14,1.3066983575704725,1.2822041458628852,1.4880236077142854
2024-05-15,1.3189490944892406,1.2942252413024828,1.5064499343193112
2024-05-16,1.3153734289258687,1.2907166020032808,1.5033503462525206
2024-05-17,1.3199044200372076,1.295162659162661,1.5055114355866133
2024-05-20,1.3154510648326498,1.2907927826160182,1.5072460315583756
2024-05-21,1.321265831454475,1.2964985507655944,1.5109427814442853
2024-05-22,1.3147585861250928,1.2901132845018533,1.506592158033302
2024-05-23,1.3007117234540495,1.2763297318947575,1.4955875981632518
2024-05-24,1.3111579100361617,1.2865801035022837,1.5054831686234575
2024-05-28,1.308986414402347,1.2844493128050511,1.5065352685477056
2024-05-29,1.301585189316725,1.2771868245389042,1.4959856467827841
2024-05-30,1.2975292007657544,1.2732068659620095,1.4860615426899588
2024-05-31,1.304664178432804,1.280208097648211,1.4995970624402994
2024-06-03,1.3046503996047165,1.2801945771058485,1.5008194752620516
2024-06-04,1.304423023434819,1.2799714631285302,1.5024975373075025
2024-06-05,1.3159627263192661,1.2912948529489432,1.5203547912769217
2024-06-06,1.3158367980290764,1.2911712851991046,1.5203261687544811
2024-06-07,1.3149525761711518,1.2903036381820827,1.5184781493708113
2024-06-10,1.318452226679523,1.2937376873372741,1.523169398576803
2024-06-11,1.3207904885269512,1.2960321181961754,1.5268380592791995
2024-06-12,1.3316415663122945,1.306679791274541,1.5393779241417822
2024-06-13,1.3345487715395645,1.3095325006038852,1.5424775122085725
2024-06-14,1.3339665378076369,1.3089611809105424,1.5434160109412702
2024-06-17,1.3470736233827612,1.3218225726519777,1.5556996953390267
2024-06-18,1.3469371980753442,1.3216887046527128,1.5596524479101204
2024-06-20,1.3435429173237736,1.318358050086055,1.5554157812499723
2024-06-21,1.3449751031069053,1.3197633893811864,1.5533302482639373
2024-06-24,1.338170313579049,1.3130861564193541,1.5482809508579733
2024-06-25,1.3421064212131844,1.3169484812610524,1.5542431467281168
2024-06-26,1.3461500828701014,1.320916344012947,1.5561830781869535
2024-06-27,1.3493793164349912,1.3240850452215103,1.558636259473655
2024-06-28,1.3431282390995989,1.3179511450531103,1.552502861807795
2024-07-01,1.3471784988223319,1.3219254821893147,1.5556979175426018
2024-07-02,1.360216164687984,1.3347187555017537,1.566167716248046
2024-07-03,1.3672555130525663,1.3416261504678133,1.573156767333204
2024-07-05,1.3762950602701203,1.3504962503282134,1.582228151370832
2024-07-08,1.3778205568967485,1.3519931513442975,1.5840541260788334
2024-07-09,1.3797423822231851,1.3538789518329144,1.5855944089013556
2024-07-10,1.3902773517035483,1.3642164420930045,1.6012845290288378
2024-07-11,1.3735291658668802,1.3477822029351738,1.5874772730949533
2024-07-12,1.3829090485632887,1.35698625864655,1.5974901781192017
2024-07-15,1.3845587651966853,1.3586050511510215,1.6018832908647398
2024-07-16,1.3936414976754028,1.3675175267598745,1.6113825905018382
2024-07-17,1.3701798191190326,1.344495640079147,1.5887894646361624
2024-07-18,1.363567814615045,1.3380075783636336,1.5765799143493238
2024-07-19,1.3578910835084685,1.332437258237622,1.5661106489828072
2024-07-22,1.3655824881987069,1.3399844866581652,1.5822573072322004
2024-07-23,1.363369305939582,1.3378127907562307,1.5797749700841306
2024-07-24,1.3398681657328957,1.3147521821383823,1.5439731723408299
2024-07-25,1.3398681657328957,1.3147521821383823,1.535928821297859
2024-07-26,1.3398681657328957,1.3145878381156149,1.5531306017254225
2024-07-29,1.3398681657328957,1.3145878381156149,1.554043500189602
2024-07-30,1.3398681657328957,1.3160192095027472,1.5461699953830628
2024-07-31,1.3398681657328957,1.3111472123954302,1.571302170102762
2024-08-01,1.3398681657328957,1.315715689135925,1.549051270048877
2024-08-02,1.3398681657328957,1.321732624444127,1.5202104342072211
2024-08-05,1.3398681657328957,1.3318068287897697,1.4759362809316579
2024-08-06,1.3398681657328957,1.3289065289883748,1.4895438903270275
2024-08-07,1.3398681657328957,1.3312217219574238,1.4795876081189119
2024-08-08,1.3398681657328957,1.3233943886267903,1.5137918779948092
2024-08-09,1.3398681657328957,1.321665218494137,1.5204669702313323
2024-08-12,1.3398681657328957,1.321665218494137,1.5212659119446763
2024-08-13,1.3398681657328957,1.3164845158060867,1.5462841299135404
2024-08-14,1.3398681657328957,1.315051020241874,1.5511622255237878
2024-08-15,1.3398681657328957,1.3098961851444382,1.577749526617257
2024-08-16,1.3393657151707459,1.3086707847131382,1.581286985943497
2024-08-19,1.3488016115252712,1.317890433795446,1.5964060778593054
2024-08-20,1.3462840155337696,1.3154305348414332,1.5938101395196855
2024-08-21,1.3527509166178568,1.3217492306393883,1.5992873525251199
2024-08-22,1.3406357248271883,1.3099116889074625,1.5867355764264905
2024-08-23,1.3571947380407587,1.3260912107294884,1.6035951310422634
2024-08-26,1.3514566952970213,1.3204846696517911,1.599772335389829
2024-08-27,1.3538174772031724,1.3227913483092073,1.6019691584320617
2024-08-28,1.345533595086382,1.3146973121639944,1.5926689719945506
2024-08-29,1.3485490570752343,1.3176436672651632,1.592811729047469
2024-08-30,1.3641447496022556,1.3328819453144711,1.6080165107509572
2024-09-03,1.3390748205821315,1.3083865567048814,1.574925141437039
2024-09-04,1.3396424060889316,1.308941134563761,1.5717018187390766
2024-09-05,1.3388044346378318,1.3081223673338278,1.5678790230866422
2024-09-06,1.319456948487205,1.2892182774380074,1.5414913685316878
2024-09-09,1.3291685963743183,1.298707358513721,1.5587502162244902
2024-09-10,1.3294799114689586,1.299011539040803,1.5655396207711334
2024-09-11,1.3312410029920758,1.3005698942846269,1.5816007670124896
2024-09-12,1.335828826211141,1.3027603269307997,1.594923040081665
2024-09-13,1.3389977713568424,1.304253150698417,1.6032525496711876
2024-09-16,1.343164227961794,1.3083114951337103,1.605620574509137
2024-09-17,1.3470970552962058,1.312142272564252,1.6062767591695628
2024-09-18,1.342869413627291,1.3080243307090398,1.6015129758694358
2024-09-19,1.3688404676981345,1.3333214819242598,1.6288414402924405
2024-09-20,1.3665081255193703,1.3310496598942072,1.6260257663147044
2024-09-23,1.3722745907937839,1.3366664956077765,1.6300890978234261
2024-09-24,1.3752045714658008,1.3395204484706638,1.634753146744117
2024-09-25,1.3712910802308882,1.3357085054020856,1.6311477755944461
2024-09-26,1.378706294015035,1.3429313075216707,1.637614687869615
2024-09-27,1.3777986898760224,1.3420472541026014,1.635239551845966
2024-09-30,1.3806354242984809,1.3448103802909572,1.6417923316884568
2024-10-01,1.369090342475251,1.3335648728934653,1.6270846218653672
2024-10-02,1.3669922989590524,1.3315212698906527,1.627771384624301
2024-10-03,1.3599827726238736,1.3246936283492508,1.6247955311886826
2024-10-04,1.3779256979081735,1.3421709665012633,1.6395606638362963
2024-10-07,1.3607719691320397,1.3254623466057815,1.6247382861438013
2024-10-08,1.374740812376957,1.339068723108809,1.6401044917626693
2024-10-09,1.3859076916553033,1.3499458416476198,1.6514644331380544
2024-10-10,1.3819231943808625,1.34606473502048,1.6485742694901155
2024-10-11,1.3900142935420645,1.353945884488651,1.6584460174782278
2024-10-14,1.3999262192075705,1.3636006132382177,1.6720097153019027
2024-10-15,1.3937821555053613,1.3576159771072867,1.6590184679270414
2024-10-16,1.4019882874828302,1.3656091744938779,1.6662293880060253
2024-10-17,1.402975117123768,1.3665703976534143,1.6663725006182286
2024-10-18,1.4083278990809072,1.371784284399115,1.6727823456281585
2024-10-21,1.4024120065794536,1.3660218988303958,1.6700351168127807
2024-10-22,1.4003776000669221,1.364040281563713,1.6691479963967621
2024-10-23,1.3852240104960025,1.3492799008035306,1.6538964586472995
2024-10-24,1.4006828961239908,1.3643376557288125,1.657473385054172
2024-10-25,1.3997991631595896,1.363476854069652,1.656901112385001
2024-10-28,1.4065203788023377,1.3700236660704628,1.6620231216647428
2024-10-29,1.4063163375615302,1.3698249193384755,1.6647127498759542
2024-10-30,1.4035601543817182,1.3671402542306845,1.659676785943177
2024-10-31,1.3760969146005533,1.3403896368815054,1.627142044689891
2024-11-01,1.3873949330696966,1.3513944917813736,1.6340093167199443
2024-11-04,1.3814333099160658,1.3455875621899072,1.6304894575783107
2024-11-05,1.400039608390058,1.3635428617269705,1.6502052199303068
2024-11-06,1.4450247510274017,1.398888071569175,1.691238716992765
2024-11-07,1.4495599173690343,1.4006101556621333,1.7043152985960208
2024-11-08,1.4611478234108826,1.41180675311947,1.7116981315892914
2024-11-11,1.4757059020345258,1.4258732242759098,1.7133290820294826
2024-11-12,1.466710441982121,1.417181529263317,1.7080068928722987
2024-11-13,1.4702993050745716,1.420649201095531,1.7088365904637932
2024-11-14,1.4578998367858604,1.408668446797702,1.6978487418801371
2024-11-15,1.442195207840851,1.393494142839844,1.6761013137737801
2024-11-18,1.4513632337037774,1.402352576338953,1.6829689413631184
2024-11-19,1.452882680527486,1.4038207134106082,1.6891210058914397
2024-11-20,1.4496656627167257,1.400712330126339,1.6896934563402533
2024-11-21,1.458962959070313,1.409695668819002,1.6987639514796689
2024-11-22,1.4715159933110724,1.4218248033454957,1.704029428930899
2024-11-25,1.4806085636982764,1.4306103294026076,1.7098094006674915
2024-11-26,1.487128938576964,1.4369105196633796,1.7187371387539887
2024-11-27,1.4814980291743574,1.431469758781126,1.713529261906925
2024-11-29,1.492499263275955,1.4420994954500876,1.7241738180009354
2024-12-02,1.497110936403146,1.4465554383463712,1.7272645170856014
2024-12-03,1.494932766819747,1.4444508227297912,1.728065414375013
2024-12-04,1.5049170303426198,1.4540979305998294,1.7387958380363455
2024-12-05,1.5081907682060052,1.4572611185739806,1.7359342969108476
2024-12-06,1.5223503206277162,1.470942521242367,1.739225531432241
2024-12-09,1.5095030950400552,1.4585291298298757,1.7302689930436603
2024-12-10,1.5075798165920355,1.4566707980050335,1.72488920328231
2024-12-11,1.527145614314363,1.4755758840695417,1.738223743146817
2024-12-12,1.5164018326771778,1.4651949060285858,1.7292675603175216
2024-12-13,1.5211181698386254,1.4697519785901945,1.7289240900482334
2024-12-16,1.53469172311915,1.4828671705497165,1.736306567482219
2024-12-17,1.529443013747402,1.4777957032981028,1.7291527146684738
2024-12-18,1.4795375645458761,1.4295754965049932,1.6776181296834936
2024-12-19,1.4794257890549292,1.4294674955276632,1.6771031020592038
2024-12-20,1.4836122756558263,1.4333339264592282,1.6972467800106703
2024-12-23,1.4836122756558263,1.4311469703958126,1.707410086612464
2024-12-24,1.4836122756558263,1.427393883342911,1.7263882412277747
2024-12-26,1.4836122756558263,1.427393883342911,1.7265030868768223
2024-12-27,1.4836122756558263,1.4313072293054818,1.7083290295844882
2024-12-30,1.4836122756558263,1.435487274648864,1.6888340695484627
2024-12-31,1.4836122756558263,1.4370273096475923,1.682690182883696
2025-01-02,1.4836122756558263,1.4380550440626085,1.6785555617383365
2025-01-03,1.4836122756558263,1.433769657714468,1.6995433374323392
2025-01-06,1.4836122756558263,1.4317187460499212,1.7093338401238343
2025-01-07,1.4836122756558263,1.4356439831676941,1.690011326341023
2025-01-08,1.4836122756558263,1.4354728304896769,1.6924805077955485
2025-01-10,1.4836122756558263,1.4411194774864695,1.6666405923191017
2025-01-13,1.4836122756558263,1.440604095468777,1.6692247972023173
2025-01-14,1.4836122756558263,1.440260641771204,1.6715215324036288
2025-01-15,1.4836122756558263,1.4336510173604429,1.7019264735399002
2025-01-16,1.4836122756558263,1.4343345752470142,1.698653372542041
2025-01-17,1.4834268241213693,1.4308212772812587,1.715707951425624
2025-01-21,1.486342305576937,1.4304697983952837,1.73141264948379
2025-01-22,1.4862841493399155,1.430413828286423,1.7411457293507613
2025-01-23,1.4935039938828567,1.4373622745016963,1.750648762360352
2025-01-24,1.4891137580226455,1.4331370702655655,1.7455381309777294
2025-01-27,1.4792749083838002,1.423668068941636,1.7208470275510446
2025-01-28,1.4875087020743767,1.4315923493421832,1.7356329604168292
2025-01-29,1.4837888115132296,1.42801229171946,1.7278524343633115
2025-01-30,1.4945880477367515,1.4384055781148761,1.7371259538544492
2025-01-31,1.488153979251979,1.4322133701599922,1.7278812346653947
2025-02-03,1.4762089169549892,1.420717329986957,1.7162532015891367
2025-02-04,1.4865291052067386,1.4306495761139024,1.727766389016347
2025-02-05,1.4894431515475464,1.433454081688432,1.734771795828614
2025-02-06,1.4973269860182672,1.4410415580480826,1.7408010146239756
2025-02-07,1.479693418857684,1.4240708473534167,1.7248668030473564
2025-02-10,1.4848204527168891,1.4290051529056604,1.736580525911294
2025-02-11,1.4808515301465455,1.4251854245377444,1.7379012508753424
2025-02-12,1.4785437104602968,1.4229643571907853,1.732302792153731
2025-02-13,1.4902354644501765,1.4342166110693417,1.7505913395358281
2025-02-14,1.492535712199595,1.4364303911131606,1.750505116409221
2025-02-18,1.4972483089437745,1.440965838492456,1.7556445480939267
2025-02-19,1.4983967864266254,1.4420711440113738,1.7597789914596438
2025-02-20,1.4892327461512973,1.4332515855584194,1.7524578480023167
2025-02-21,1.4702334257045582,1.4149664610705275,1.7224836669397954
2025-02-24,1.4658848736036982,1.4107813736759962,1.714645362502469
2025-02-25,1.4593076428903355,1.4044513850473732,1.7061183397301412
2025-02-26,1.4585076919541222,1.4035059483280563,1.7069793265387139
2025-02-27,1.4605402948105772,1.4110327112285086,1.6797328185308966
2025-02-28,1.4681730084803883,1.4131403926845263,1.7059460712565697
2025-03-03,1.4649577961516196,1.416157051881226,1.6760577577613702
2025-03-04,1.4515046129333962,1.4075984887835835,1.656218616337487
2025-03-05,1.4515046129333962,1.4036791915532376,1.6740191586009525
2025-03-06,1.4515046129333962,1.410165415393948,1.6443038246978947
2025-03-07,1.4515046129333962,1.4084110472653624,1.653519743584866
2025-03-10,1.4515046129333962,1.4180896498932813,1.6094775038529292
2025-03-11,1.4515046129333962,1.4212820518719254,1.59609780795923
2025-03-12,1.4515046129333962,1.4194296601788943,1.6045677634663191
2025-03-13,1.4515046129333962,1.42455917359223,1.5831778502210068
2025-03-14,1.4515046129333962,1.4168793593081885,1.6158798821178746
2025-03-17,1.4515046129333962,1.4141933452190716,1.6283402794802648
2025-03-18,1.4515046129333962,1.4181309381086682,1.6107406282128114
2025-03-19,1.4515046129333962,1.414266422043067,1.628282856655741
2025-03-20,1.4515046129333962,1.4151042346699045,1.6235745406040702
2025-03-21,1.4515046129333962,1.4152718897586112,1.6241098351076038
2025-03-24,1.4515046129333962,1.40889980598701,1.6531952957373242
2025-03-25,1.4513231748567794,1.4079725534378027,1.6571693818655164
2025-03-26,1.4502439534291542,1.4111344243984216,1.6373855299104472
2025-03-27,1.4495250074921227,1.41161364621625,1.6330370398551737
2025-03-28,1.4425547781641863,1.412490421086851,1.6001504726894025
2025-03-31,1.4468455550310944,1.41450053191089,1.6108920964682119
2025-04-01,1.446415187191463,1.4128981268064198,1.615442010858425
2025-04-02,1.449355038973568,1.4134093491893889,1.625665051420095
2025-04-03,1.431426989928283,1.4137205647312003,1.5455507888882745
2025-04-04,1.431426989928283,1.4373394287558283,1.4550699287334747
2025-04-07,1.431426989928283,1.438368583917177,1.4524781682154533
2025-04-08,1.431426989928283,1.4449770295309932,1.4297282407051024
2025-04-09,1.431426989928283,1.404713154130349,1.5798773711582041
2025-04-10,1.431426989928283,1.4177046360172962,1.5106487339156092
2025-04-11,1.431426989928283,1.4108527187047974,1.5376027944115325
2025-04-14,1.431426989928283,1.4074012629956005,1.5525197508738313
2025-04-15,1.431426989928283,1.408408982010972,1.5481714385982004
2025-04-16,1.431426989928283,1.4170647245492327,1.5137586332016637
2025-04-17,1.431426989928283,1.4170647245492327,1.5159184780782589
2025-04-21,1.431426989928283,1.425858210787981,1.4798356107201835
2025-04-22,1.431426989928283,1.4161594010450205,1.5183375256736027
2025-04-23,1.431426989928283,1.409990934151033,1.541864705780914
2025-04-24,1.431426989928283,1.4019144148678329,1.57431944619508
2025-04-25,1.431248061554542,1.3992296996778069,1.5856944988400767
2025-04-28,1.4318290221660896,1.3993723426201328,1.5862991274041807
2025-04-29,1.4427104194288298,1.4100070805272504,1.5962917655491853
2025-04-30,1.4401820114348138,1.407535986449039,1.596925372195015
2025-05-01,1.4493940737095043,1.4165392298294495,1.6082424686765604
2025-05-02,1.473598647207403,1.440195134405706,1.6321157857477973
2025-05-05,1.4627202154778196,1.4295632948090824,1.6227563986893374
2025-05-06,1.4507435367141588,1.4178581032262505,1.609192878645305
2025-05-07,1.4587578051459449,1.4256907043372469,1.615960416295922
2025-05-08,1.4726478559058027,1.4392658956275657,1.627219912173301
2025-05-09,1.4737240151489028,1.4403176605085226,1.6251468237622404
2025-05-12,1.5282018942166953,1.4935606358022793,1.67885369819879
2025-05-13,1.5442336044603149,1.5092289394701868,1.689940747822955
2025-05-14,1.5477797719182815,1.5126947224555538,1.6921004149199077
2025-05-15,1.5520627882904945,1.5168806514746465,1.7003652127195645
2025-05-16,1.5630628108173923,1.5276313256501513,1.7111354590208145
2025-05-19,1.5631734593246889,1.5277394659786863,1.7130071230969357
2025-05-20,1.5558024571835083,1.5205355496073325,1.7072475960192293
2025-05-21,1.5256727518796236,1.4910888240270903,1.6784791164920663
2025-05-22,1.527886431919997,1.4932523244003557,1.6791417012196217
2025-05-23,1.5161552017631303,1.4817870175988526,1.6676802476683756
2025-05-27,1.5529253265435943,1.5177236377231118,1.7023524335633031
2025-05-28,1.5419593137960712,1.5070062023937953,1.6925036191490719
2025-05-29,1.5466778172572504,1.511617746886826,1.6991844003341545
2025-05-30,1.544140531350312,1.5091379761400938,1.697284113735593
2025-06-02,1.5509549175305906,1.5157978939130892,1.70684474734935
2025-06-03,1.5597344836235012,1.524378444928907,1.7165780049959636
2025-06-04,1.557355296254015,1.5220531889442688,1.7161172001626328
2025-06-05,1.5402289635352224,1.505315075687609,1.7078236020608928
2025-06-06,1.5590176836938439,1.523677893409678,1.7253612082331176
2025-06-09,1.56112269791679,1.5257351912006927,1.726916246765966
2025-06-10,1.57197360490886,1.5363401299901542,1.7367072827963885
2025-06-11,1.5653583734507874,1.529874852503005,1.7317543419566535
2025-06-12,1.566092204934817,1.5305920495055783,1.7386367252563182
2025-06-13,1.5433603126451407,1.5083754434212362,1.7191988324855318
2025-06-16,1.5623558767519987,1.5269404163559175,1.7355554484927043
2025-06-17,1.5447466237785628,1.5097303296739553,1.7207248929366548
2025-06-18,1.544644363489358,1.5096303874195058,1.7204656902179063
2025-06-20,1.5435093392805121,1.5085210919229943,1.7164252922830656
2025-06-23,1.5651131669897136,1.529635204378441,1.7333790701093577
2025-06-24,1.5789384025123914,1.5431470496624378,1.7525280709610997
2025-06-25,1.575056715747965,1.5393533529173924,1.7535101257062073
2025-06-26,1.5895077664081145,1.5534768273703847,1.7672292029374175
2025-06-27,1.6016536375106738,1.5653473760426264,1.7760093839206492
2025-06-30,1.6076007397908367,1.5711596694943983,1.784500850764479
2025-07-01,1.6076560212851478,1.5712136978685967,1.783923422485676
2025-07-02,1.6162031790702702,1.5795671088047827,1.7920106184224867
2025-07-03,1.6313794786123976,1.5943993922085955,1.8061341443403585
2025-07-07,1.6144415620472023,1.577845424090891,1.7926744476075394
2025-07-08,1.6092528788237102,1.5727743578635927,1.7916927484217169
2025-07-09,1.6194292431683537,1.5827200445285943,1.802436861115521
2025-07-10,1.6274486172781875,1.5905576355822024,1.8075201144332003
2025-07-11,1.6205121537265994,1.583778407685983,1.8011662700106543
2025-07-14,1.627873089472413,1.5909724858468746,1.8046031060592458
2025-07-15,1.612649002126165,1.5760934978921932,1.7968915585070138
2025-07-16,1.618303461861492,1.581619782416099,1.802898910406349
2025-07-17,1.6304572449367902,1.593498063712596,1.81393209279884
2025-07-18,1.6339169683526291,1.5968793621681308,1.812603545530522
2025-07-21,1.6383035774448895,1.6011665356689926,1.8160405593587559
2025-07-22,1.6428393286675511,1.6055994705486027,1.8163004731960743
2025-07-23,1.6546514763187001,1.6171438606077992,1.8317525463822644
2025-07-24,1.647755855960546,1.6104045500720963,1.8323591305224356
2025-07-25,1.6582409044455686,1.6206519236298518,1.8400996561563934
2025-07-28,1.659444896837544,1.621828623939716,1.8396376068655653
2025-07-29,1.6519423785263216,1.614496172604959,1.8347852893034788
2025-07-30,1.6482295396448132,1.610867496301466,1.8324746872900533
2025-07-31,1.6374729654338447,1.6003547519589896,1.8256006596335854
2025-08-01,1.6010844425798316,1.564791083614237,1.7956782124470283
2025-08-04,1.6206113594047762,1.5838753645712835,1.8229723653990326
2025-08-05,1.6133074833912957,1.576737052713539,1.8137299573453303
2025-08-06,1.6246251689294346,1.5877981891197448,1.827622369727967
2025-08-07,1.625885786038506,1.5890302305784376,1.8260916870061392
2025-08-08,1.6341083551784257,1.597066410640131,1.8403305919119863
2025-08-11,1.6314950546929197,1.594512348412198,1.8366914426302428
2025-08-12,1.6470728272159094,1.609737004213155,1.8562448921686467
2025-08-13,1.6546831580128312,1.6171748241417463,1.8625990921504776
2025-08-14,1.65385440613188,1.6163648583964347,1.8627722495222616
2025-08-15,1.649263063674444,1.6118775924233553,1.858410959332729
2025-08-18,1.6509621302842188,1.613538144615817,1.8580068662053522
2025-08-19,1.6420751251103645,1.604852589946587,1.8479267604762433
2025-08-20,1.6358233057450617,1.5987424867321498,1.843016664530348
2025-08-21,1.6278605450145376,1.5909602257465887,1.8356229869788856
2025-08-22,1.6617976499227696,1.6241280448520663,1.8638122604308205
2025-08-25,1.6548714137136114,1.6173588124650264,1.855609507726392
2025-08-26,1.6641117918376804,1.6263897298315515,1.863378833662433
2025-08-27,1.6669662184967102,1.6291794523883978,1.867624567084348
2025-08-28,1.6731733941193558,1.6352459238438901,1.874238503123855
2025-08-29,1.660927762111504,1.623277875645113,1.8630611414413059
2025-09-02,1.6467399885157576,1.6094117102958396,1.8492554855242038
2025-09-03,1.6542234775973599,1.6167255637552782,1.8592774573102189
2025-09-04,1.674989900587409,1.6370212537696232,1.8748162869619431
2025-09-05,1.6662973432840604,1.6285257392293855,1.869386363341411
2025-09-08,1.6719912787142024,1.6340906046136277,1.873978767066179
2025-09-09,1.675803429014854,1.6378163411464524,1.878311079173986
2025-09-10,1.6707028103739208,1.6328313432550305,1.8837408250148757
2025-09-11,1.6931763492273972,1.6547954522551245,1.8993953892138602
2025-09-12,1.6957858217494017,1.6573457732917773,1.8987596492123207
2025-09-15,1.7059392057337468,1.6672690005149553,1.9088685552435127
2025-09-16,1.706618517853999,1.6679329139979,1.9062404387886025
2025-09-17,1.7079837598789116,1.6692672087363565,1.903872058391368
2025-09-18,1.7135247845509953,1.6746826295413906,1.9127676183625748
2025-09-19,1.7224590274101856,1.6834143511127893,1.9222414955107974
2025-09-22,1.7260633106296406,1.6869369324924046,1.931335635342664
2025-09-23,1.7132063570401488,1.67437142014075,1.9208224584044526
2025-09-24,1.7116321447386853,1.6728328920609463,1.9147111054142611
2025-09-25,1.6993125436785106,1.6607925515392534,1.905877590538283
2025-09-26,1.7142246503058232,1.6753666307494197,1.9167966384002961
2025-09-29,1.7224115674125073,1.6833679669376511,1.922183539347346
2025-09-30,1.721580868036987,1.6825560978435492,1.9294241486266257
2025-10-01,1.7249260258434278,1.6858254276612612,1.9359987953651425
2025-10-02,1.7241210319951852,1.6850386814019167,1.9382285076412358
2025-10-03,1.7218676411433278,1.682836370381267,1.938199885118795
2025-10-06,1.7316473111082828,1.6923943549290361,1.945150713580818
2025-10-07,1.71920125985721,1.680230430587542,1.937939082383264
2025-10-08,1.7278578012175188,1.6886907455936155,1.9494951147043142
2025-10-09,1.7217962075349655,1.6827665560289051,1.9438474110217334
2025-10-10,1.665979058677531,1.6282146694937092,1.891309437734547
2025-10-13,1.6884274920420712,1.6501542420957267,1.9203298310151165
2025-10-14,1.684212084576207,1.6460343894252725,1.9179838508528355
2025-10-15,1.6902420506048503,1.651927668271274,1.9264989623891167
2025-10-16,1.6847479155945628,1.6465580742338615,1.9133790025530935
2025-10-17,1.6911524286387185,1.65281740986905,1.9242399164720128
2025-10-20,1.7033125925320325,1.6647019273432724,1.94425292638625
2025-10-21,1.7031602558598697,1.6645530438365888,1.944223770524882
2025-10-22,1.6951262751520297,1.6567011772871265,1.9341161089511871
2025-10-23,1.7025548796493355,1.6639613902852308,1.9455852070270603
2025-10-24,1.7114413831734145,1.6726464546760755,1.9614856404716068
2025-10-27,1.733798155768911,1.6944964442740351,1.9846266831954327
2025-10-28,1.7397893300487277,1.7003518107020108,1.9898978495952224
2025-10-29,1.7390502857406436,1.6996295190396031,1.9908535929532416
2025-10-30,1.7142343554874555,1.6753761159341356,1.968957896625049
2025-10-31,1.7298361003106288,1.6906242006315226,1.9754166310366634
2025-11-03,1.7376904564885356,1.6983005143772958,1.9791238699214801
2025-11-04,1.7121142336330026,1.6733040529711865,1.9556642460783145
2025-11-05,1.7228101127891162,1.6837574780934328,1.962441383829626
2025-11-06,1.6964197531209695,1.657965334716192,1.9413856963121925
2025-11-07,1.6956403468281185,1.657203595993904,1.9432970052485883
2025-11-10,1.7092568747831813,1.6705114646904073,1.9736210566475274
2025-11-11,1.711317897899306,1.672525768564373,1.9781389707020927
2025-11-12,1.7124236890838822,1.6736064936903858,1.9792396044687401
2025-11-13,1.687126396314925,1.6488826395876879,1.9463960599764514
2025-11-14,1.6828405465937626,1.6446939414459587,1.9460776566367541
2025-11-17,1.669915097559514,1.6320614863032976,1.9279469775771871
2025-11-18,1.665654285552555,1.6278972583212288,1.9117571188746691
2025-11-19,1.6673848192278484,1.6293850771269331,1.9191426185625768
2025-11-20,1.6673848192278484,1.635697127168586,1.8898904006282022
2025-11-21,1.6673848192278484,1.6317641404376493,1.9087160203102576
2025-11-24,1.6673848192278484,1.62566079632809,1.936809470534891
2025-11-25,1.6673848192278484,1.6220776444104583,1.9550269060599925
2025-11-26,1.6673848192278484,1.6194775130798258,1.9685235809584491
2025-11-28,1.6673848192278484,1.6176386601472044,1.979268582550466
2025-12-01,1.666759549920638,1.6185585040292612,1.9702323988820505
2025-12-02,1.6701900918194517,1.6218898380324278,1.973881681603416
2025-12-03,1.6827755086281606,1.6341112969725962,1.9807167755181787
2025-12-04,1.6820518823977457,1.6334085973006294,1.9821647907062492
2025-12-05,1.6870928068466093,1.6383037431753094,1.9859299857545172
2025-12-08,1.6771927951658392,1.6286900300895422,1.9799637009525966
2025-12-09,1.6757311956874765,1.6272706986297036,1.9782547052493529
2025-12-10,1.6912209804946738,1.6423125341040923,1.991375020644661
2025-12-11,1.700339792094606,1.6511676386465644,1.9960088470261288
2025-12-12,1.6899845378482745,1.6411118481622182,1.9745476441441785
2025-12-15,1.6912369592509526,1.6423280507704645,1.9715645017432182
2025-12-16,1.6888271961626953,1.6399879756592222,1.9661776007961684
2025-12-17,1.6711066889292499,1.6227799280558526,1.944542529423864
2025-12-18,1.6799410886067938,1.6313588455888361,1.9592264167748603
2025-12-19,1.6843677742510457,1.6356575158406486,1.9769837585852013
2025-12-22,1.6949700389822864,1.6459531735097683,1.9893001544371753
2025-12-23,1.6971993091562458,1.6481179753841675,1.9983921609133322
2025-12-24,1.7024265204566607,1.6531940208779803,2.0054217457569776
2025-12-26,1.6995191043190943,1.6503706843538644,2.0052183658459706
2025-12-29,1.6891818631242466,1.6403323860012802,1.9980725131161376
2025-12-30,1.6848087113365455,1.6360857014595709,1.9956326653026226
2025-12-31,1.671523447503819,1.6231846343825855,1.980847087996123
2026-01-02,1.6690108353639566,1.6207446845130946,1.984478059414312
2026-01-05,1.6914627447794537,1.642547306803681,1.9976949091554916
2026-01-06,1.7026187599624234,1.653380701006423,2.009575567103726
2026-01-07,1.6946353164729595,1.6456281308460035,2.003097988050008
2026-01-08,1.701765402518778,1.652552021820241,2.002894608139001
2026-01-09,1.712840110724227,1.6633064603632364,2.016140435961906
2026-01-12,1.710709565256771,1.6612375281739855,2.01930669139463
2026-01-13,1.6994706823923875,1.6503236627416245,2.015269137934069
2026-01-14,1.6850762051809423,1.6363454596452334,2.005363611813884
2026-01-15,1.691114682219949,1.6422093098708612,2.0108246468718516
2026-01-16,1.6895289911955258,1.6406694754703532,2.0091398291999862
2026-01-20,1.650080959673285,1.6023622421981172,1.9682402002083221
2026-01-21,1.6602718497011328,1.6122584217154239,1.9909558162476726
2026-01-22,1.6652354287310522,1.6170784589245581,2.001355036435049
2026-01-23,1.6651806886425629,1.617025301865557,2.0020810884949727
2026-01-26,1.6645903201929937,1.6164520062905556,2.0122479506896163
2026-01-27,1.6673261402634456,1.6191087091369467,2.020265279226929
2026-01-28,1.6655489549563032,1.6173829182799224,2.020061899315922
2026-01-29,1.6602399748150594,1.612227468619687,2.016053323937087
2026-01-30,1.65393402117058,1.6061038769487872,2.0100402830891917
2026-02-02,1.661515128262627,1.6134657458844555,2.020032921234196
2026-02-03,1.6482766795353212,1.6006101400661137,2.0029527420820945
2026-02-04,1.6360311906915759,1.5887187787086923,1.9932505958729168
2026-02-05,1.6220554728472494,1.5751472248706324,1.9683564680945098
2026-02-06,1.629624975315268,1.5823009313734697,2.006118819735176
2026-02-09,1.629624975315268,1.5804204475092047,2.0157919878626283
2026-02-10,1.629624975315268,1.5817462703364118,2.010476020992931
2026-02-11,1.6294212721933536,1.5813508337688278,2.0100114827871085
2026-02-12,1.6231280911187582,1.5752433112335573,1.978959068192893
2026-02-13,1.623206651324262,1.5751226483780354,1.9803532161492894
2026-02-17,1.623206651324262,1.5745798157913733,1.9835484496637388
2026-02-18,1.623206651324262,1.5726262503540436,1.9935410878087432
2026-02-19,1.623206651324262,1.5737101948661887,1.98828325488214
2026-02-20,1.623206651324262,1.571106893381399,2.002662250146268
2026-02-23,1.623206651324262,1.5751136963442123,1.9822124356504363
2026-02-24,1.623206651324262,1.572182333811783,1.9966200534370049
2026-02-25,1.623206651324262,1.5690396989784978,2.0134682301556586
2026-02-26,1.6230037504928465,1.5709185726598967,2.0022844684059797
2026-02-27,1.6210553575132856,1.5690327071974768,1.9926696120012637
2026-03-02,1.6212846754486105,1.5692546658981492,1.993802601662844
2026-03-03,1.6177271715050265,1.5658113288044488,1.9762285506639092
2026-03-04,1.620543431063693,1.5685372094099599,1.9901714524650125
2026-03-05,1.6182982422677314,1.5663640728552026,1.9790751582994381
2026-03-06,1.6130568959667735,1.5612909310048422,1.9531351528842702
2026-03-09,1.6165027871516975,1.5646262371987547,1.9702446656773822
2026-03-10,1.61586369862633,1.564007658200543,1.967078232465016
2026-03-11,1.6153655709285715,1.5635255163375144,1.964609228790133
2026-03-12,1.6093486463716513,1.5577016859650406,1.9347767381026753
2026-03-13,1.6071481530262568,1.5555718105015703,1.9238256899050141
2026-03-16,1.6110768625923835,1.559374440546104,1.943404206373009
2026-03-17,1.612105212691203,1.5603697889973578,1.948516437772414
2026-03-18,1.60643102819291,1.5548776995241447,1.921327530368763
2026-03-19,1.60643102819291,1.5548776995241447,1.9165927251503616
2026-03-20,1.60643102819291,1.5548776995241447,1.8891168814037338
2026-03-23,1.60643102819291,1.5548776995241447,1.9089526450144099
2026-03-24,1.60643102819291,1.5548776995241447,1.902544577800905
2026-03-25,1.60643102819291,1.5548776995241447,1.9131470001196458
2026-03-26,1.60643102819291,1.5548776995241447,1.8789805973075984
2026-03-27,1.60643102819291,1.5548776995241447,1.846940439019716
2026-03-30,1.60643102819291,1.5548776995241447,1.840765263137871
2026-03-31,1.60643102819291,1.5548776995241447,1.894272491035906
2026-04-01,1.60643102819291,1.5548776995241447,1.9085448185145408
2026-04-02,1.60643102819291,1.5548776995241447,1.9102634143184791
2026-04-06,1.60643102819291,1.5548776995241447,1.9192928423604798
2026-04-07,1.6062302243143858,1.5546833398117041,1.9201374734419436
2026-04-08,1.6168568450066,1.5649689326853755,1.9690425197348738
2026-04-09,1.617506124742518,1.565597375839432,1.9804021055509737
2026-04-10,1.613079588443261,1.5613128952379887,1.979091514026547
2026-04-13,1.6320696072390526,1.5796934893755012,1.9984319835532498
2026-04-14,1.6546719278369817,1.6015704599011198,2.0227826389645687
2026-04-15,1.6735822000391587,1.6198738666599972,2.038744406385774
2026-04-16,1.67353286497568,1.619826114849517,2.0437542367111052
2026-04-17,1.698155056616581,1.643658135038341,2.0684544068995567
2026-04-20,1.6955066320868584,1.6410947033267593,2.064318185737415
2026-04-21,1.684721462462144,1.6306556496476743,2.050803199535782
2026-04-22,1.695669876437178,1.6412527088653917,2.071571061812026
2026-04-23,1.6834323724842122,1.6294079289399754,2.0635318663786872
