lookback_months,year,symbol,entry_fast,entry_slow,exit_fast,exit_slow,trailing_stop,is_sharpe,oos_strat_ret,oos_trades,oos_oos_strat_ret,oos_cagr,oos_sharpe,oos_max_dd,oos_win_rate,oos_trail_exits,oos_ma_exits,oos_bh_return
60,2010,SPY,7,26,12,21,0.06,1.068417325897566,0.044470206857561534,4,0.044470206857561534,0.045005357294922055,0.642916829981697,-0.13953052730929583,0.75,2,2,0.1313735269038964
60,2010,QQQ,9,11,12,25,0.06,1.1230869804993482,0.07955686957302643,5,0.07955686957302643,0.08053022589457148,0.760238034469913,-0.19484897205511142,0.4,3,2,0.18409719535700955
60,2011,SPY,7,24,12,13,0.06,1.1017658123685152,-0.03263499059376007,6,-0.03263499059376007,-0.03301278512589001,-0.5127255938767011,-0.04633764049221367,0.16666666666666666,0,6,0.00852378384500883
60,2011,QQQ,10,13,10,11,0.05,1.2698699120400054,-0.04380484896913417,13,-0.04380484896913417,-0.04430896019716313,-0.4026822282355964,-0.09518694241879044,0.46153846153846156,1,12,0.018855547560075014
60,2012,SPY,7,26,11,17,0.06,1.0530764742987662,-0.046728872400173316,2,-0.046728872400173316,-0.04701159697673318,-0.6132868477787198,-0.06527239958047604,0.0,0,2,0.14170827619033866
60,2012,QQQ,6,13,12,13,0.06,1.2768243846948113,0.018825441830422784,6,0.018825441830422784,0.018943226771818145,0.21947606643166173,-0.039715258722985314,0.5,0,6,0.1589142123422044
60,2013,SPY,7,26,12,14,0.06,1.2644826783117133,0.046499647442488135,6,0.046499647442488135,0.04679450949998487,0.8390721434657687,-0.03691073337911133,0.8333333333333334,0,6,0.29001440765549635
60,2013,QQQ,5,12,12,13,0.06,1.5573026818033233,0.05610869938152985,13,0.05610869938152985,0.05646612029219522,0.7953992957540967,-0.04399329892269377,0.5384615384615384,0,13,0.32425326624091155
60,2014,SPY,9,10,11,17,0.06,1.6035193366895601,0.07058083447648555,7,0.07058083447648555,0.07103350273873144,0.5932177604372343,-0.06137233599512326,0.7142857142857143,1,6,0.14561754283015402
60,2014,QQQ,3,20,9,10,0.05,1.6964554313309834,0.04772994653828433,8,0.04772994653828433,0.048032787724603176,0.5125146668490926,-0.047490740698482914,0.375,0,8,0.20123707495275042
60,2015,SPY,9,10,11,17,0.06,1.5859482319601745,-0.08995058663695954,11,-0.08995058663695954,-0.0904821129479706,-0.8002202416215609,-0.13878365973446471,0.36363636363636365,1,10,0.012884830920508817
60,2015,QQQ,7,26,11,13,0.05,1.69509409701144,-0.029387332128932853,9,-0.029387332128932853,-0.029566765322270427,-0.33426120568805395,-0.12009847224039816,0.4444444444444444,1,8,0.0976545506096015
60,2016,SPY,7,8,12,18,0.06,1.050959152922621,0.11980609398189834,5,0.11980609398189834,0.12129885293212062,1.458533739603456,-0.06655065073981492,0.8,0,5,0.1358576034341856
60,2016,QQQ,12,25,4,8,0.04,1.2791252073944677,0.004683456795000263,5,0.004683456795000263,0.004738724880652079,0.08568140224093393,-0.03620775446858859,0.6,0,5,0.09406165648849293
60,2017,SPY,12,13,3,8,0.06,1.2272531660325223,0.07746302378981862,10,0.07746302378981862,0.07863599674677157,1.5597777407122697,-0.019035297286540298,0.8,0,10,0.20781402698937476
60,2017,QQQ,12,18,9,23,0.06,1.1272124844351672,0.15844975672237394,5,0.15844975672237394,0.1609372472625834,1.6404181041036667,-0.0368923339113264,0.8,0,5,0.31487180295602923
60,2018,SPY,12,13,4,9,0.06,1.4938847808296514,-0.04249968073521948,11,-0.04249968073521948,-0.04275739499079745,-0.7222892665871049,-0.0692825795869616,0.2727272727272727,0,11,-0.05247172883209224
60,2018,QQQ,12,18,12,20,0.06,1.509167530917838,-0.15197002976816243,8,-0.15197002976816243,-0.15283604596085876,-1.3734322149245488,-0.19222436399199805,0.5,3,5,-0.01846528954211892
60,2019,SPY,10,26,3,21,0.03,1.099685235465126,0.07298931838216349,3,0.07298931838216349,0.07345795683397238,2.2781410349389346,-0.04549794700271703,0.6666666666666666,1,2,0.3108746917913159
60,2019,QQQ,11,26,10,26,0.06,1.0835214024050306,0.036564354165009805,3,0.036564354165009805,0.03679511225449317,1.1810222675752453,-0.14105362857449277,0.3333333333333333,2,1,0.38405316922701427
60,2020,SPY,12,20,4,26,0.03,1.574742543554233,0.022563739196643784,4,0.022563739196643784,0.02264209524479255,0.5766654287382754,-0.08062327284568727,0.25,4,0,0.17235288736209234
60,2020,QQQ,4,12,10,11,0.03,1.426369924040837,-0.018278143170519012,7,-0.018278143170519012,-0.018340332377702717,-0.20801527309134157,-0.0806677010354181,0.2857142857142857,3,4,0.4596881111607568
60,2021,SPY,11,12,3,23,0.03,1.9222020170422094,0.09718689952694692,8,0.09718689952694692,0.09838560154610532,0.8474044116615994,-0.061445288208341164,0.625,4,4,0.30505466635116707
60,2021,QQQ,11,13,12,26,0.05,1.7799717949928637,0.09498933365382567,4,0.09498933365382567,0.09615976115605074,1.0714272485495486,-0.09126441957320297,0.75,2,2,0.2924465763241905
60,2022,SPY,11,12,4,19,0.04,1.7255738674620753,-0.02064750904560053,9,-0.02064750904560053,-0.02088803264637762,-0.13697050733706667,-0.13184958843815964,0.6666666666666666,6,3,-0.18646407230964557
60,2022,QQQ,11,13,4,18,0.05,1.7185257081957792,-0.08939449816401379,9,-0.08939449816401379,-0.0903978646688518,-0.44917747043273265,-0.18688798927959127,0.3333333333333333,7,2,-0.33219889549311576
60,2023,SPY,8,10,8,17,0.03,1.3979733248995554,0.08483648014839695,7,0.08483648014839695,0.08612549966893934,1.5929290862088652,-0.08394537144889413,0.42857142857142855,3,4,0.26709219554611585
60,2023,QQQ,6,25,3,25,0.05,1.3599766806593692,0.1443628949042679,5,0.1443628949042679,0.14661553788224002,1.6240514469839311,-0.11551130642059504,0.6,2,3,0.5590953945240507
60,2024,SPY,12,15,7,11,0.05,1.5390928448033283,0.07083667204647592,7,0.07083667204647592,0.07108837868843798,1.0771488685532302,-0.03954640396861453,0.5714285714285714,0,7,0.2558930569325586
60,2024,QQQ,10,11,7,12,0.06,1.7026367313207473,0.14533687897822056,13,0.14533687897822056,0.14587072881153018,1.0373442666773296,-0.10839885021775997,0.46153846153846156,0,13,0.27739912351043966
60,2025,SPY,8,10,8,17,0.03,1.453265975640943,0.25832865515995684,7,0.25832865515995684,0.2601221485978249,2.0737014186030613,-0.09166153099377039,0.5714285714285714,2,5,0.18009014616634136
60,2025,QQQ,10,16,8,13,0.05,1.6210953874844425,-0.025964982821783056,8,-0.025964982821783056,-0.026123802124450313,-0.1845327030732798,-0.11064313077884025,0.375,2,6,0.2100925351496274
60,2026,SPY,8,11,11,12,0.05,1.6468654443569315,-0.018283162005805265,5,-0.018283162005805265,-0.05014723561426204,-1.3037862080503293,-0.02183828610473837,0.2,0,5,0.08953447287954783
60,2026,QQQ,8,10,10,14,0.04,1.524094944347363,-0.06267353833599643,3,-0.06267353833599643,-0.16511425363604415,2.212246206083135,-0.06446174744714506,0.0,1,2,0.16716334214052678
72,2010,SPY,7,26,12,21,0.06,0.9100471597544457,0.044470206857561534,4,0.044470206857561534,0.045005357294922055,0.642916829981697,-0.13953052730929583,0.75,2,2,0.1313735269038964
72,2010,QQQ,11,12,12,13,0.06,1.175704522775748,0.09537000139207841,11,0.09537000139207841,0.09654532291236428,0.9211555907152464,-0.08714663707601433,0.5454545454545454,2,9,0.18409719535700955
72,2011,SPY,7,24,12,13,0.06,1.0777901898399387,-0.03263499059376007,6,-0.03263499059376007,-0.03301278512589001,-0.5127255938767011,-0.04633764049221367,0.16666666666666666,0,6,0.00852378384500883
72,2011,QQQ,10,13,10,11,0.05,1.05094211762335,-0.04380484896913417,13,-0.04380484896913417,-0.04430896019716313,-0.4026822282355964,-0.09518694241879044,0.46153846153846156,1,12,0.018855547560075014
72,2012,SPY,7,26,11,17,0.06,1.0011974202628757,-0.046728872400173316,2,-0.046728872400173316,-0.04701159697673318,-0.6132868477787198,-0.06527239958047604,0.0,0,2,0.14170827619033866
72,2012,QQQ,10,13,10,11,0.05,1.0447663368631006,0.04564024397272548,10,0.04564024397272548,0.045929537704565426,0.5299614634546728,-0.052857674897105134,0.6,0,10,0.1589142123422044
72,2013,SPY,7,26,12,14,0.06,1.0591649618511798,0.046499647442488135,6,0.046499647442488135,0.04679450949998487,0.8390721434657687,-0.03691073337911133,0.8333333333333334,0,6,0.29001440765549635
72,2013,QQQ,6,13,12,13,0.06,1.3646223055196094,0.07869329798641456,13,0.07869329798641456,0.07919989282500728,1.1673715223390244,-0.03814622861095396,0.6153846153846154,0,13,0.32425326624091155
72,2014,SPY,3,25,11,14,0.06,1.2722639659432182,0.03795251975909597,5,0.03795251975909597,0.0381921989230658,0.4113066302352829,-0.05035442687803837,0.8,0,5,0.14561754283015402
72,2014,QQQ,6,13,12,13,0.06,1.4826832454841954,0.02530126433619695,8,0.02530126433619695,0.025460070076659402,0.33200106919478606,-0.061658039685399624,0.375,0,8,0.20123707495275042
72,2015,SPY,9,10,11,17,0.06,1.4687763278795611,-0.08995058663695954,11,-0.08995058663695954,-0.0904821129479706,-0.8002202416215609,-0.13878365973446471,0.36363636363636365,1,10,0.012884830920508817
72,2015,QQQ,3,16,12,18,0.06,1.5486916232610821,-0.03430364765018368,10,-0.03430364765018368,-0.03451256161094296,-0.46843373511516717,-0.10219088088961292,0.3,1,9,0.0976545506096015
72,2016,SPY,3,11,11,16,0.06,1.2527428155899563,0.11534244988064835,6,0.11534244988064835,0.11677674493404622,1.43424921171404,-0.06356465276956835,0.6666666666666666,0,6,0.1358576034341856
72,2016,QQQ,5,12,11,15,0.06,1.3604101712650747,0.10235183894362798,7,0.10235183894362798,0.10361720102313532,0.912184956347533,-0.06107951288610136,0.7142857142857143,1,6,0.09406165648849293
72,2017,SPY,7,8,12,18,0.06,1.0408439529478295,0.08261036403832733,4,0.08261036403832733,0.08386426954294635,2.756996737874304,-0.027066928475409258,1.0,0,4,0.20781402698937476
72,2017,QQQ,12,25,4,8,0.04,1.126548436449381,-0.014087681004945951,4,-0.014087681004945951,-0.014291651282768658,-0.7442279645931454,-0.021679786948006763,0.5,0,4,0.31487180295602923
72,2018,SPY,10,11,7,26,0.06,1.2684581303724043,-0.09361428189151011,7,-0.09361428189151011,-0.09416631793589592,-0.8750267280267178,-0.1439330435869588,0.2857142857142857,4,3,-0.05247172883209224
72,2018,QQQ,12,18,9,23,0.06,1.3696341249535795,-0.1348825287175388,8,-0.1348825287175388,-0.1356591232286567,-1.0724719709967632,-0.18016116677108762,0.375,3,5,-0.01846528954211892
72,2019,SPY,12,13,4,9,0.06,1.1881307526496137,0.18788733048103246,9,0.18788733048103246,0.18915573117203088,2.0879534374429314,-0.059940680227386856,0.7777777777777778,0,9,0.3108746917913159
72,2019,QQQ,11,26,10,26,0.06,1.1579331041074195,0.036564354165009805,3,0.036564354165009805,0.03679511225449317,1.1810222675752453,-0.14105362857449277,0.3333333333333333,2,1,0.38405316922701427
72,2020,SPY,10,23,3,21,0.03,1.3658499359672405,0.026752883457084042,4,0.026752883457084042,0.026845976937458937,0.7197657841111677,-0.06230971899673732,0.25,4,0,0.17235288736209234
72,2020,QQQ,4,12,10,11,0.03,1.2922426043082336,-0.018278143170519012,7,-0.018278143170519012,-0.018340332377702717,-0.20801527309134157,-0.0806677010354181,0.2857142857142857,3,4,0.4596881111607568
72,2021,SPY,12,13,3,20,0.03,1.4076963691564164,0.06565071485527296,9,0.06565071485527296,0.0664487426734317,0.5405137562949625,-0.060809298762831476,0.6666666666666666,4,5,0.30505466635116707
72,2021,QQQ,11,16,6,21,0.05,1.4110232270302498,0.16513956709303557,4,0.16513956709303557,0.16723797539471752,1.7211605069489386,-0.05287394834072523,0.75,0,4,0.2924465763241905
72,2022,SPY,11,12,3,24,0.04,1.8046554064740765,-0.03083925660495812,9,-0.03083925660495812,-0.03119659995320323,-0.1892986653700565,-0.11709997753079315,0.4444444444444444,6,3,-0.18646407230964557
72,2022,QQQ,11,13,3,25,0.05,1.7466297429012994,-0.046343918995573996,8,-0.046343918995573996,-0.04687652778280682,-0.1826024928274736,-0.17264226564522245,0.375,6,2,-0.33219889549311576
72,2023,SPY,8,10,9,17,0.03,1.463163049404182,0.0759741327025949,7,0.0759741327025949,0.07712376339974525,1.5125239717143697,-0.08394537144889436,0.42857142857142855,3,4,0.26709219554611585
72,2023,QQQ,6,26,3,25,0.05,1.2942970110681329,0.12680724548013345,5,0.12680724548013345,0.128770813346341,1.5301087103218678,-0.11657439576437223,0.6,2,3,0.5590953945240507
72,2024,SPY,8,10,8,17,0.03,1.4437191265473122,0.15271849151144812,5,0.15271849151144812,0.15328122455717152,1.4460553289415672,-0.07888133147852039,0.6,3,2,0.2558930569325586
72,2024,QQQ,10,11,7,12,0.06,1.456951907038577,0.14533687897822056,13,0.14533687897822056,0.14587072881153018,1.0373442666773296,-0.10839885021775997,0.46153846153846156,0,13,0.27739912351043966
72,2025,SPY,4,18,5,14,0.05,1.5045607127811442,0.14506868472653944,6,0.14506868472653944,0.1460305531367183,1.3754741281271126,-0.03869858303257612,0.8333333333333334,0,6,0.18009014616634136
72,2025,QQQ,10,11,7,11,0.06,1.580036585542584,0.03615755573224777,12,0.03615755573224777,0.036385701719798824,0.24624893172140544,-0.15281133678437686,0.5,2,10,0.2100925351496274
72,2026,SPY,8,10,7,17,0.03,1.5575195979671592,-0.009675266649930014,4,-0.009675266649930014,-0.026743503523992795,2.456234096377404,-0.033478389692157884,0.25,0,4,0.08953447287954783
72,2026,QQQ,7,24,8,13,0.05,1.5295092446150267,-0.03977175796307986,2,-0.03977175796307986,-0.10698844822478604,3.1426306318729655,-0.05203813090721343,0.5,1,1,0.16716334214052678
84,2010,SPY,8,16,12,26,0.06,0.9389243723868069,-0.003936852801885493,4,-0.003936852801885493,-0.003983108365318788,0.23661701938265198,-0.16460283223796224,0.5,2,2,0.1313735269038964
84,2010,QQQ,11,12,12,13,0.06,1.1141158790380281,0.09537000139207841,11,0.09537000139207841,0.09654532291236428,0.9211555907152464,-0.08714663707601433,0.5454545454545454,2,9,0.18409719535700955
84,2011,SPY,7,24,12,13,0.06,1.002166591848331,-0.03263499059376007,6,-0.03263499059376007,-0.03301278512589001,-0.5127255938767011,-0.04633764049221367,0.16666666666666666,0,6,0.00852378384500883
84,2011,QQQ,11,12,12,13,0.06,1.1412245287446823,-0.15092495382188664,16,-0.15092495382188664,-0.15255880827530932,-1.1448165767670513,-0.17415373204761486,0.3125,2,14,0.018855547560075014
84,2012,SPY,8,26,11,17,0.06,0.9874982021440369,-0.04125911113215852,2,-0.04125911113215852,-0.041509466870874534,-0.5360802484568491,-0.06013622723781731,0.0,0,2,0.14170827619033866
84,2012,QQQ,7,26,12,18,0.06,0.920377111457125,-0.023203221158172305,3,-0.023203221158172305,-0.02334535081597444,-0.35606119967896255,-0.05222666997095837,0.3333333333333333,0,3,0.1589142123422044
84,2013,SPY,3,25,11,14,0.06,0.9699916071002276,0.10265400173900696,6,0.10265400173900696,0.10332208432939427,1.5839773073047416,-0.04383225255805934,1.0,0,6,0.29001440765549635
84,2013,QQQ,6,16,12,14,0.06,1.174945866701461,0.05783606489837312,11,0.05783606489837312,0.05820478964775777,0.7750767734283822,-0.049815490421859954,0.6363636363636364,0,11,0.32425326624091155
84,2014,SPY,7,26,11,16,0.06,1.076001530964725,0.07007996010427564,5,0.07007996010427564,0.07052931140960683,0.7594786408057728,-0.05651989599923668,0.8,0,5,0.14561754283015402
84,2014,QQQ,6,13,12,13,0.06,1.3249950447728889,0.02530126433619695,8,0.02530126433619695,0.025460070076659402,0.33200106919478606,-0.061658039685399624,0.375,0,8,0.20123707495275042
84,2015,SPY,3,25,11,14,0.06,1.180970947954193,-0.13221316055011734,11,-0.13221316055011734,-0.13297559483378585,-1.5101104161078562,-0.18158902798797671,0.2727272727272727,1,10,0.012884830920508817
84,2015,QQQ,5,12,12,13,0.06,1.3902784470013596,0.048311985746881225,12,0.048311985746881225,0.048618604900991125,0.22894229690259038,-0.09090718820629384,0.5833333333333334,0,12,0.0976545506096015
84,2016,SPY,3,11,11,16,0.06,1.209572131755031,0.11534244988064835,6,0.11534244988064835,0.11677674493404622,1.43424921171404,-0.06356465276956835,0.6666666666666666,0,6,0.1358576034341856
84,2016,QQQ,6,12,9,23,0.06,1.3595765234728088,0.02571571676157891,6,0.02571571676157891,0.026022369687136226,0.4592974100761119,-0.07613719829586407,0.6666666666666666,1,5,0.09406165648849293
84,2017,SPY,3,11,11,16,0.06,1.2058657455616322,0.0944013467188225,6,0.0944013467188225,0.09584200757121608,1.7341761122926804,-0.04283003590209433,0.5,0,6,0.20781402698937476
84,2017,QQQ,7,26,11,13,0.05,1.2608213992191712,0.10698654363210425,4,0.10698654363210425,0.1086286153162237,1.376148005551066,-0.037060377309714565,0.75,0,4,0.31487180295602923
84,2018,SPY,7,8,12,18,0.06,1.1852356215995894,-0.12114433202499275,7,-0.12114433202499275,-0.12184750514111142,-1.0858573900354664,-0.14148746003428536,0.2857142857142857,3,4,-0.05247172883209224
84,2018,QQQ,4,12,9,23,0.05,1.2407180336952701,-0.07687077996088765,9,-0.07687077996088765,-0.07732833675799988,-0.5408924818847033,-0.1501346694626865,0.3333333333333333,5,4,-0.01846528954211892
84,2019,SPY,12,13,3,13,0.06,1.0037630681597092,0.20886048886705844,8,0.20886048886705844,0.21028257123855898,2.0956175902445917,-0.04170990269022312,0.75,0,8,0.3108746917913159
84,2019,QQQ,4,12,8,24,0.05,1.0922198479946366,-0.022565635981642074,3,-0.022565635981642074,-0.022703905715313444,0.7941622749233548,-0.11500943070143321,0.3333333333333333,2,1,0.38405316922701427
84,2020,SPY,10,11,3,21,0.03,1.3693152659718237,0.1870496389810432,7,0.1870496389810432,0.18774883008484822,1.3352294644138554,-0.1048417653977266,0.5714285714285714,7,0,0.17235288736209234
84,2020,QQQ,3,9,6,8,0.06,1.280176001081254,0.18304311331523904,12,0.18304311331523904,0.18372620107312265,1.0226157913739027,-0.11086510813631378,0.6666666666666666,1,11,0.4596881111607568
84,2021,SPY,12,13,3,22,0.03,1.3634616975752931,0.04408224240559844,9,0.04408224240559844,0.044612625133456874,0.34868251641056575,-0.061860376376420834,0.5555555555555556,4,5,0.30505466635116707
84,2021,QQQ,8,12,12,26,0.05,1.3995462884610028,0.13643558197101613,4,0.13643558197101613,0.13814801197790594,1.29590971309682,-0.07150619813362535,0.75,2,2,0.2924465763241905
84,2022,SPY,11,12,4,19,0.04,1.3540690619442506,-0.02064750904560053,9,-0.02064750904560053,-0.02088803264637762,-0.13697050733706667,-0.13184958843815964,0.6666666666666666,6,3,-0.18646407230964557
84,2022,QQQ,11,13,12,26,0.06,1.4258906937024411,-0.11298316036670564,7,-0.11298316036670564,-0.11423426849677931,-0.5286726832928595,-0.20132112807290425,0.2857142857142857,7,0,-0.33219889549311576
84,2023,SPY,8,10,4,20,0.03,1.516437423495869,0.016332078160946617,7,0.016332078160946617,0.016572217119247723,1.0339178486070344,-0.09428040965249451,0.42857142857142855,4,3,0.26709219554611585
84,2023,QQQ,11,13,10,24,0.05,1.3613418246798237,0.19080916727794728,5,0.19080916727794728,0.19384570402152201,1.7759129871449044,-0.1536263127654861,0.6,3,2,0.5590953945240507
84,2024,SPY,8,10,9,17,0.03,1.4862910871775252,0.18472399970339515,5,0.18472399970339515,0.18541383772595665,1.8171477588897313,-0.07862952831091696,0.8,2,3,0.2558930569325586
84,2024,QQQ,11,13,4,26,0.05,1.383007029254572,0.07750836308929099,4,0.07750836308929099,0.07778462585095824,0.5420516952456131,-0.13763351328161055,0.75,2,2,0.27739912351043966
84,2025,SPY,8,10,9,17,0.03,1.464736752980338,0.26869885116944037,7,0.26869885116944037,0.27057176107946046,2.1368916179983977,-0.09166153099377039,0.5714285714285714,2,5,0.18009014616634136
84,2025,QQQ,10,11,7,12,0.06,1.3712856044845791,0.024751644423892882,11,0.024751644423892882,0.024906958691842673,0.15704724974063677,-0.15281133678437708,0.45454545454545453,2,9,0.2100925351496274
84,2026,SPY,8,10,8,17,0.03,1.5630447080312218,0.001199234967024676,4,0.001199234967024676,0.003347254753176987,2.756418766724098,-0.02860010577158223,0.5,0,4,0.08953447287954783
84,2026,QQQ,7,11,9,14,0.06,1.4824294168456535,-0.03057470321166289,3,-0.03057470321166289,-0.0829358035916895,2.858667614878917,-0.053601959838379454,0.3333333333333333,0,3,0.16716334214052678
96,2010,SPY,3,24,11,14,0.06,0.8346822455615176,0.21184398461224463,4,0.21184398461224463,0.21458836716677454,2.3342742895954607,-0.042907372141589906,0.75,0,4,0.1313735269038964
96,2010,QQQ,9,11,12,25,0.06,0.7904748162273632,0.07955686957302643,5,0.07955686957302643,0.08053022589457148,0.760238034469913,-0.19484897205511142,0.4,3,2,0.18409719535700955
96,2011,SPY,3,24,11,14,0.06,0.9938017850437673,-0.013154500426776128,9,-0.013154500426776128,-0.013308331349674574,-0.0785880459682712,-0.07128174768361639,0.4444444444444444,0,9,0.00852378384500883
96,2011,QQQ,11,12,12,13,0.06,1.0911371354578825,-0.15092495382188664,16,-0.15092495382188664,-0.15255880827530932,-1.1448165767670513,-0.17415373204761486,0.3125,2,14,0.018855547560075014
96,2012,SPY,3,25,11,14,0.06,0.9097402832949109,-0.010549273607735277,5,-0.010549273607735277,-0.010614313412042997,0.12866704292773776,-0.06502278702107944,0.6,0,5,0.14170827619033866
96,2012,QQQ,7,12,12,14,0.06,0.9220097995163944,0.08979961745924281,7,0.08979961745924281,0.09038065694456776,0.9755888799124954,-0.035516042125561365,0.5714285714285714,0,7,0.1589142123422044
96,2013,SPY,3,25,11,14,0.06,0.9340718513098173,0.10265400173900696,6,0.10265400173900696,0.10332208432939427,1.5839773073047416,-0.04383225255805934,1.0,0,6,0.29001440765549635
96,2013,QQQ,7,12,12,14,0.06,1.0330379075818752,0.05650177987691607,12,0.05650177987691607,0.05686177154882599,0.6728341520792638,-0.049815490421860065,0.5833333333333334,0,12,0.32425326624091155
96,2014,SPY,3,25,11,14,0.06,1.032010784664176,0.03795251975909597,5,0.03795251975909597,0.0381921989230658,0.4113066302352829,-0.05035442687803837,0.8,0,5,0.14561754283015402
96,2014,QQQ,10,13,10,11,0.05,1.1569719760047883,-0.0007848484566717051,11,-0.0007848484566717051,-0.0007897112984494026,-0.18409070030187427,-0.05535591173775589,0.36363636363636365,0,11,0.20123707495275042
96,2015,SPY,7,26,11,16,0.06,1.030520972011788,-0.027733997890435957,9,-0.027733997890435957,-0.027903481908253536,-0.370852201338276,-0.07511437423996448,0.4444444444444444,0,9,0.012884830920508817
96,2015,QQQ,3,16,12,19,0.06,1.2467205439695686,-0.028497993240956365,9,-0.028497993240956365,-0.02867207689083473,-0.40232319434645614,-0.13047750269119962,0.3333333333333333,1,8,0.0976545506096015
96,2016,SPY,7,26,3,9,0.06,0.9662095600228385,0.0712679056725134,6,0.0712679056725134,0.07213649605947259,1.2598952344692156,-0.03215470413641042,0.5,0,6,0.1358576034341856
96,2016,QQQ,5,12,12,13,0.06,1.259138812218377,0.11828119903790002,9,0.11828119903790002,0.11975396131849547,1.2478028567875186,-0.047003844318902255,0.6666666666666666,0,9,0.09406165648849293
96,2017,SPY,3,11,11,16,0.06,1.1758784574431371,0.0944013467188225,6,0.0944013467188225,0.09584200757121608,1.7341761122926804,-0.04283003590209433,0.5,0,6,0.20781402698937476
96,2017,QQQ,3,16,10,25,0.06,1.210959484359054,0.22630584477508187,5,0.22630584477508187,0.22995964933505242,2.08792259684166,-0.050590288474556155,0.8,0,5,0.31487180295602923
96,2018,SPY,9,10,10,19,0.06,1.2355264222583167,-0.11042993409410651,7,-0.11042993409410651,-0.11107491601570785,-0.9710200536489586,-0.16348126384501271,0.42857142857142855,3,4,-0.05247172883209224
96,2018,QQQ,5,12,11,15,0.06,1.3907606808093946,-0.19789879152144885,10,-0.19789879152144885,-0.19899440464084905,-1.5621323074717681,-0.246087509459606,0.3,5,5,-0.01846528954211892
96,2019,SPY,12,13,3,13,0.06,0.8697522448194678,0.20886048886705844,8,0.20886048886705844,0.21028257123855898,2.0956175902445917,-0.04170990269022312,0.75,0,8,0.3108746917913159
96,2019,QQQ,4,12,8,24,0.05,1.0216388203584823,-0.022565635981642074,3,-0.022565635981642074,-0.022703905715313444,0.7941622749233548,-0.11500943070143321,0.3333333333333333,2,1,0.38405316922701427
96,2020,SPY,10,11,3,21,0.06,1.209782780003603,0.18386119713655158,5,0.18386119713655158,0.18454756920602966,1.199450884558109,-0.11727697385623237,0.8,4,1,0.17235288736209234
96,2020,QQQ,4,12,7,8,0.04,1.2281713962813352,0.053668270686455744,7,0.053668270686455744,0.05385744741576359,0.5424928742099348,-0.08780444419985811,0.42857142857142855,1,6,0.4596881111607568
96,2021,SPY,12,13,3,21,0.03,1.3684934879724702,0.06565071485527296,9,0.06565071485527296,0.0664487426734317,0.5405137562949625,-0.060809298762831476,0.6666666666666666,4,5,0.30505466635116707
96,2021,QQQ,8,12,12,26,0.05,1.433407970350729,0.13643558197101613,4,0.13643558197101613,0.13814801197790594,1.29590971309682,-0.07150619813362535,0.75,2,2,0.2924465763241905
96,2022,SPY,11,12,3,21,0.03,1.2793564744035242,0.026142414512979828,9,0.026142414512979828,0.026454221015324686,0.21190282378457995,-0.07996478015840291,0.4444444444444444,8,1,-0.18646407230964557
96,2022,QQQ,8,12,12,26,0.05,1.4097693007844,-0.159110098471675,8,-0.159110098471675,-0.16082390899741306,-0.9338723265623937,-0.1942114531081972,0.125,8,0,-0.33219889549311576
96,2023,SPY,8,10,9,17,0.03,1.2435370758616398,0.0759741327025949,7,0.0759741327025949,0.07712376339974525,1.5125239717143697,-0.08394537144889436,0.42857142857142855,3,4,0.26709219554611585
96,2023,QQQ,11,13,10,24,0.05,1.1105946572988583,0.19080916727794728,5,0.19080916727794728,0.19384570402152201,1.7759129871449044,-0.1536263127654861,0.6,3,2,0.5590953945240507
96,2024,SPY,8,10,5,21,0.03,1.535511310739365,0.15271849151144812,5,0.15271849151144812,0.15328122455717152,1.4460553289415672,-0.07888133147852039,0.6,3,2,0.2558930569325586
96,2024,QQQ,11,13,4,26,0.05,1.4159801578732203,0.07750836308929099,4,0.07750836308929099,0.07778462585095824,0.5420516952456131,-0.13763351328161055,0.75,2,2,0.27739912351043966
96,2025,SPY,8,10,9,17,0.03,1.5165705822706974,0.26869885116944037,7,0.26869885116944037,0.27057176107946046,2.1368916179983977,-0.09166153099377039,0.5714285714285714,2,5,0.18009014616634136
96,2025,QQQ,10,11,4,26,0.06,1.3331327271639175,0.13877129183688397,6,0.13877129183688397,0.1396889124497953,0.9654832338825252,-0.1295062955924764,0.5,2,4,0.2100925351496274
96,2026,SPY,8,10,9,17,0.03,1.5398356659260632,-0.05044844796111447,4,-0.05044844796111447,-0.13439862782932788,0.9937506150889134,-0.055149451436311,0.5,1,3,0.08953447287954783
96,2026,QQQ,8,11,5,19,0.06,1.39836228739916,-0.05234615078851512,3,-0.05234615078851512,-0.13921333875273612,2.394844397687319,-0.05763424427357,0.0,0,3,0.16716334214052678
108,2010,SPY,8,16,12,26,0.06,0.8052870571100759,-0.003936852801885493,4,-0.003936852801885493,-0.003983108365318788,0.23661701938265198,-0.16460283223796224,0.5,2,2,0.1313735269038964
108,2010,QQQ,8,10,11,26,0.04,0.5784163440528863,0.11755907493346895,6,0.11755907493346895,0.11902237630976753,1.186065920961694,-0.14864021968423435,0.3333333333333333,5,1,0.18409719535700955
108,2011,SPY,3,24,11,14,0.06,0.9945829287791127,-0.013154500426776128,9,-0.013154500426776128,-0.013308331349674574,-0.0785880459682712,-0.07128174768361639,0.4444444444444444,0,9,0.00852378384500883
108,2011,QQQ,9,11,12,25,0.06,0.7683545189908558,-0.03331103553280512,6,-0.03331103553280512,-0.03369651909863636,-0.1875944403892281,-0.16120826674202215,0.3333333333333333,2,4,0.018855547560075014
108,2012,SPY,3,24,11,14,0.06,0.9323654949053555,-0.010549273607735277,5,-0.010549273607735277,-0.010614313412042997,0.12866704292773776,-0.06502278702107944,0.6,0,5,0.14170827619033866
108,2012,QQQ,11,12,12,13,0.06,0.8740724676722513,0.017442622345254843,11,0.017442622345254843,0.017551681090892224,0.16436600432643617,-0.08662002020956128,0.45454545454545453,1,10,0.1589142123422044
108,2013,SPY,3,25,11,14,0.06,0.9383971577131891,0.10265400173900696,6,0.10265400173900696,0.10332208432939427,1.5839773073047416,-0.04383225255805934,1.0,0,6,0.29001440765549635
108,2013,QQQ,7,12,12,14,0.06,1.0725509338044263,0.05650177987691607,12,0.05650177987691607,0.05686177154882599,0.6728341520792638,-0.049815490421860065,0.5833333333333334,0,12,0.32425326624091155
108,2014,SPY,3,25,11,14,0.06,0.9944498263083458,0.03795251975909597,5,0.03795251975909597,0.0381921989230658,0.4113066302352829,-0.05035442687803837,0.8,0,5,0.14561754283015402
108,2014,QQQ,7,12,10,24,0.06,1.0558212658816528,0.04240699522554192,6,0.04240699522554192,0.04267537929978338,0.23717954419518408,-0.07695515020332955,0.6666666666666666,1,5,0.20123707495275042
108,2015,SPY,3,25,11,14,0.06,0.9792662730040791,-0.13221316055011734,11,-0.13221316055011734,-0.13297559483378585,-1.5101104161078562,-0.18158902798797671,0.2727272727272727,1,10,0.012884830920508817
108,2015,QQQ,3,16,12,19,0.06,1.1780751099341196,-0.028497993240956365,9,-0.028497993240956365,-0.02867207689083473,-0.40232319434645614,-0.13047750269119962,0.3333333333333333,1,8,0.0976545506096015
108,2016,SPY,7,26,11,16,0.06,0.8848964451486834,0.06374505777522077,4,0.06374505777522077,0.06451922701606128,1.2959640091162858,-0.038925489644982436,0.5,0,4,0.1358576034341856
108,2016,QQQ,5,12,12,13,0.06,1.0866125979260723,0.11828119903790002,9,0.11828119903790002,0.11975396131849547,1.2478028567875186,-0.047003844318902255,0.6666666666666666,0,9,0.09406165648849293
108,2017,SPY,7,26,3,9,0.06,0.988846499395578,0.012731801073898374,3,0.012731801073898374,0.012918667396389694,0.4644278824139423,-0.01877556752902343,0.6666666666666666,0,3,0.20781402698937476
108,2017,QQQ,5,12,12,13,0.06,1.2205513226768576,0.1065940529771705,8,0.1065940529771705,0.10822981117060859,1.2820816081709792,-0.05115899546373592,0.5,0,8,0.31487180295602923
108,2018,SPY,3,11,11,16,0.06,1.1898065813633054,-0.05709839206636247,7,-0.05709839206636247,-0.05744194311649364,-0.5920123824947534,-0.10804939995775453,0.42857142857142855,3,4,-0.05247172883209224
108,2018,QQQ,3,16,10,24,0.06,1.3395191201968248,-0.029492543236433244,7,-0.029492543236433244,-0.029672608958671742,-0.2091098702521901,-0.12801920924610222,0.5714285714285714,3,4,-0.01846528954211892
108,2019,SPY,3,11,11,16,0.06,1.0447192829422773,0.019097217644143516,4,0.019097217644143516,0.01921671898680799,1.4044418686459679,-0.05115762169110227,0.75,0,4,0.3108746917913159
108,2019,QQQ,5,22,10,11,0.05,1.10753467674857,0.17634560720555048,4,0.17634560720555048,0.17753041910128675,2.2888965170269207,-0.023802234389204036,1.0,0,4,0.38405316922701427
108,2020,SPY,7,8,12,18,0.06,1.0416370397053727,0.02001832110423951,7,0.02001832110423951,0.02008775122780415,0.4263094122258076,-0.186686026640699,0.5714285714285714,4,3,0.17235288736209234
108,2020,QQQ,4,12,8,24,0.05,1.1268804806910697,0.09762949296551549,4,0.09762949296551549,0.09798067314823977,1.0067881068643094,-0.12244766734809887,0.25,4,0,0.4596881111607568
108,2021,SPY,12,13,3,21,0.03,1.1984677633145444,0.06565071485527296,9,0.06565071485527296,0.0664487426734317,0.5405137562949625,-0.060809298762831476,0.6666666666666666,4,5,0.30505466635116707
108,2021,QQQ,8,12,8,24,0.05,1.3584453958027911,0.15574282729565225,4,0.15574282729565225,0.157713939825062,1.4715037795177632,-0.07150619813362535,0.75,2,2,0.2924465763241905
108,2022,SPY,12,13,3,21,0.03,1.2897730583979312,0.05745839276242859,9,0.05745839276242859,0.0581541427355039,0.45404635834180934,-0.10474308598433979,0.4444444444444444,7,2,-0.18646407230964557
108,2022,QQQ,8,12,12,26,0.05,1.438624516029314,-0.159110098471675,8,-0.159110098471675,-0.16082390899741306,-0.9338723265623937,-0.1942114531081972,0.125,8,0,-0.33219889549311576
108,2023,SPY,8,10,9,17,0.03,1.1512065793588078,0.0759741327025949,7,0.0759741327025949,0.07712376339974525,1.5125239717143697,-0.08394537144889436,0.42857142857142855,3,4,0.26709219554611585
108,2023,QQQ,12,15,10,24,0.05,1.0902933116124434,0.14092815254319913,5,0.14092815254319913,0.14312392223666803,1.5853630032947172,-0.15128440005553578,0.6,3,2,0.5590953945240507
108,2024,SPY,8,10,9,17,0.03,1.286865196862842,0.18472399970339515,5,0.18472399970339515,0.18541383772595665,1.8171477588897313,-0.07862952831091696,0.8,2,3,0.2558930569325586
108,2024,QQQ,11,13,12,26,0.05,1.1878154213400247,0.032393264039935366,3,0.032393264039935366,0.03250629340908229,0.6698492172808476,-0.12554781880569077,0.6666666666666666,2,1,0.27739912351043966
108,2025,SPY,8,10,9,17,0.03,1.549358829955132,0.26869885116944037,7,0.26869885116944037,0.27057176107946046,2.1368916179983977,-0.09166153099377039,0.5714285714285714,2,5,0.18009014616634136
108,2025,QQQ,10,11,4,26,0.06,1.3510617202959143,0.13877129183688397,6,0.13877129183688397,0.1396889124497953,0.9654832338825252,-0.1295062955924764,0.5,2,4,0.2100925351496274
108,2026,SPY,8,10,9,17,0.03,1.5800971071244434,-0.05044844796111447,4,-0.05044844796111447,-0.13439862782932788,0.9937506150889134,-0.055149451436311,0.5,1,3,0.08953447287954783
108,2026,QQQ,8,11,5,19,0.06,1.3599474039426651,-0.05234615078851512,3,-0.05234615078851512,-0.13921333875273612,2.394844397687319,-0.05763424427357,0.0,0,3,0.16716334214052678
120,2010,SPY,8,16,3,26,0.06,0.6619975643191541,0.09345669955905866,4,0.09345669955905866,0.09460743887094614,1.2955841917782367,-0.10499517780101664,0.5,0,4,0.1313735269038964
120,2010,QQQ,11,12,11,18,0.05,0.4451324438162824,0.11218601784398152,6,0.11218601784398152,0.11357909914706954,0.8302593854687125,-0.11417413430065959,0.5,5,1,0.18409719535700955
120,2011,SPY,3,25,11,14,0.06,0.9389332561556338,0.02364016511347833,6,0.02364016511347833,0.02392178008969581,0.2689615164971361,-0.058612065146751324,0.6666666666666666,0,6,0.00852378384500883
120,2011,QQQ,8,10,11,26,0.04,0.6105087521617925,0.017438119855240908,8,0.017438119855240908,0.01764521703126043,0.10871614374674222,-0.16020829458841612,0.5,6,2,0.018855547560075014
120,2012,SPY,3,24,11,14,0.06,0.938999733432134,-0.010549273607735277,5,-0.010549273607735277,-0.010614313412042997,0.12866704292773776,-0.06502278702107944,0.6,0,5,0.14170827619033866
120,2012,QQQ,9,11,12,25,0.06,0.7010322059459789,-0.06683969050817451,4,-0.06683969050817451,-0.06723973541880857,-0.5177093864264594,-0.11119152994598602,0.5,2,2,0.1589142123422044
120,2013,SPY,3,24,11,14,0.06,0.956369256718207,0.09424998709313259,6,0.09424998709313259,0.09486105561486702,1.5871895853865627,-0.03910027482506451,0.8333333333333334,0,6,0.29001440765549635
120,2013,QQQ,7,12,12,14,0.06,0.9527263194663274,0.05650177987691607,12,0.05650177987691607,0.05686177154882599,0.6728341520792638,-0.049815490421860065,0.5833333333333334,0,12,0.32425326624091155
120,2014,SPY,3,25,11,14,0.06,0.9948130403926871,0.03795251975909597,5,0.03795251975909597,0.0381921989230658,0.4113066302352829,-0.05035442687803837,0.8,0,5,0.14561754283015402
120,2014,QQQ,7,12,12,14,0.06,1.0391917768337229,0.038419133052263854,8,0.038419133052263854,0.03866181351760645,0.18955823651467948,-0.07097423195669383,0.625,0,8,0.20123707495275042
120,2015,SPY,3,25,11,14,0.06,0.9495328096715784,-0.13221316055011734,11,-0.13221316055011734,-0.13297559483378585,-1.5101104161078562,-0.18158902798797671,0.2727272727272727,1,10,0.012884830920508817
120,2015,QQQ,3,16,12,19,0.06,1.073480906285178,-0.028497993240956365,9,-0.028497993240956365,-0.02867207689083473,-0.40232319434645614,-0.13047750269119962,0.3333333333333333,1,8,0.0976545506096015
120,2016,SPY,7,26,11,16,0.06,0.8188054599762011,0.06374505777522077,4,0.06374505777522077,0.06451922701606128,1.2959640091162858,-0.038925489644982436,0.5,0,4,0.1358576034341856
120,2016,QQQ,3,16,12,19,0.06,1.0271123696115763,0.14021561641049063,6,0.14021561641049063,0.14197838609702873,1.1918286739866413,-0.06745454159091546,0.8333333333333334,0,6,0.09406165648849293
120,2017,SPY,7,26,11,16,0.06,0.8641349889998027,0.061338405939455054,3,0.061338405939455054,0.06226021427766648,1.610981037620843,-0.01877556752902343,0.6666666666666666,0,3,0.20781402698937476
120,2017,QQQ,5,12,12,13,0.06,1.0663198291753786,0.1065940529771705,8,0.1065940529771705,0.10822981117060859,1.2820816081709792,-0.05115899546373592,0.5,0,8,0.31487180295602923
120,2018,SPY,7,26,3,9,0.06,0.9482426346784615,-0.05063505032905202,6,-0.05063505032905202,-0.050940771096692705,-1.1745327086545074,-0.07516148514365029,0.3333333333333333,0,6,-0.05247172883209224
120,2018,QQQ,5,12,12,14,0.06,1.2420746245937127,-0.19489883323917023,10,-0.19489883323917023,-0.1959799398063785,-1.5349935164229849,-0.2430267486337755,0.2,5,5,-0.01846528954211892
120,2019,SPY,9,10,4,24,0.06,1.0761162312069392,0.12742692140621248,4,0.12742692140621248,0.12826538160007606,2.0478066395005894,-0.08872205463148675,0.75,1,3,0.3108746917913159
120,2019,QQQ,3,16,10,24,0.06,1.1746917272782262,0.08281545037889959,3,0.08281545037889959,0.08334959274911657,1.4872168936175372,-0.12195074001946193,0.3333333333333333,2,1,0.38405316922701427
120,2020,SPY,3,11,11,16,0.06,1.1653606945471098,0.11869784003999806,7,0.11869784003999806,0.11912882672307612,1.0094650505420426,-0.1036288853394679,0.42857142857142855,4,3,0.17235288736209234
120,2020,QQQ,7,26,11,13,0.05,1.2544394827968859,0.053840799125046024,3,0.053840799125046024,0.05403059945938016,0.48736496107024313,-0.08485245820543397,0.6666666666666666,1,2,0.4596881111607568
120,2021,SPY,12,13,3,15,0.06,1.0804425469882804,0.07071684241784992,11,0.07071684241784992,0.07157849484239498,0.6032859026866347,-0.040584626265480206,0.7272727272727273,0,11,0.30505466635116707
120,2021,QQQ,4,12,6,23,0.06,1.2737460460059438,0.16114860850215917,7,0.16114860850215917,0.16319284118095223,1.051660152211879,-0.09551592502184625,0.42857142857142855,1,6,0.2924465763241905
120,2022,SPY,10,11,3,21,0.06,1.1679614358835817,0.07068082984048951,8,0.07068082984048951,0.07154202897939266,0.47491537686466784,-0.09974878553640532,0.5,2,6,-0.18646407230964557
120,2022,QQQ,8,12,8,24,0.05,1.3864473253833784,-0.159110098471675,8,-0.159110098471675,-0.16082390899741306,-0.9338723265623937,-0.1942114531081972,0.125,8,0,-0.33219889549311576
120,2023,SPY,12,13,3,21,0.03,1.1606848468894617,0.12610965775030758,5,0.12610965775030758,0.12806182232320729,2.016740105977042,-0.06969743161253084,0.6,2,3,0.26709219554611585
120,2023,QQQ,11,13,10,24,0.05,1.1293130012579544,0.19080916727794728,5,0.19080916727794728,0.19384570402152201,1.7759129871449044,-0.1536263127654861,0.6,3,2,0.5590953945240507
120,2024,SPY,12,13,3,21,0.03,1.2223196015094153,0.11224829092969424,5,0.11224829092969424,0.11265470037793013,1.192337571693646,-0.07615636600114317,0.6,2,3,0.2558930569325586
120,2024,QQQ,12,15,10,24,0.05,1.1436537007706888,0.03958282379393552,3,0.03958282379393552,0.039721418495983096,0.6980139228442058,-0.11840726526028889,0.6666666666666666,2,1,0.27739912351043966
120,2025,SPY,8,10,9,17,0.03,1.330256352674015,0.26869885116944037,7,0.26869885116944037,0.27057176107946046,2.1368916179983977,-0.09166153099377039,0.5714285714285714,2,5,0.18009014616634136
120,2025,QQQ,11,13,12,26,0.05,1.1548332529322924,0.18532681032250764,5,0.18532681032250764,0.18657660624728112,1.2396693153778349,-0.13511380463321276,0.4,3,2,0.2100925351496274
120,2026,SPY,8,10,9,17,0.03,1.6039102564666288,-0.05044844796111447,4,-0.05044844796111447,-0.13439862782932788,0.9937506150889134,-0.055149451436311,0.5,1,3,0.08953447287954783
120,2026,QQQ,8,12,5,20,0.06,1.3554750181367508,-0.04572690308844185,3,-0.04572690308844185,-0.12234462110115352,2.6684962745798755,-0.06222251975686566,0.3333333333333333,0,3,0.16716334214052678
132,2010,SPY,8,16,3,26,0.06,0.6125776567982897,0.09345669955905866,4,0.09345669955905866,0.09460743887094614,1.2955841917782367,-0.10499517780101664,0.5,0,4,0.1313735269038964
132,2010,QQQ,11,12,9,20,0.05,0.5328784768747139,0.13013561104365934,6,0.13013561104365934,0.13176447628679355,0.9561051765694351,-0.11417413430065959,0.5,5,1,0.18409719535700955
132,2011,SPY,8,16,11,15,0.06,0.7185466537557711,-0.07458492951640394,8,-0.07458492951640394,-0.07542903016876013,-0.6030547539568974,-0.1161601333002924,0.25,2,6,0.00852378384500883
132,2011,QQQ,11,12,10,17,0.05,0.47019993085034456,-0.010660011800617375,9,-0.010660011800617375,-0.010784831381232096,-0.08144377527828066,-0.09701696915340063,0.4444444444444444,3,6,0.018855547560075014
132,2012,SPY,3,25,11,14,0.06,0.9327523608521266,-0.010549273607735277,5,-0.010549273607735277,-0.010614313412042997,0.12866704292773776,-0.06502278702107944,0.6,0,5,0.14170827619033866
132,2012,QQQ,8,10,12,24,0.04,0.5899647278608355,0.020830784504100475,4,0.020830784504100475,0.020961244829180936,0.25514971347144666,-0.08202396369988507,0.5,3,1,0.1589142123422044
132,2013,SPY,3,24,11,14,0.06,0.9603821961938406,0.09424998709313259,6,0.09424998709313259,0.09486105561486702,1.5871895853865627,-0.03910027482506451,0.8333333333333334,0,6,0.29001440765549635
132,2013,QQQ,8,11,12,14,0.05,0.7283514172205027,0.03315230284869597,15,0.03315230284869597,0.03336118263683008,0.33946938329177756,-0.06488663690150942,0.4,0,15,0.32425326624091155
132,2014,SPY,3,24,11,14,0.06,1.0009885283328774,0.03652534457126633,5,0.03652534457126633,0.03675585213225285,0.3886999274094259,-0.05035442687803837,0.8,0,5,0.14561754283015402
132,2014,QQQ,3,15,12,19,0.06,0.9942639544009088,0.17646343772318485,5,0.17646343772318485,0.177649099424378,1.4338773370046596,-0.08097012884779675,0.8,0,5,0.20123707495275042
132,2015,SPY,3,25,11,14,0.06,0.9537101934060555,-0.13221316055011734,11,-0.13221316055011734,-0.13297559483378585,-1.5101104161078562,-0.18158902798797671,0.2727272727272727,1,10,0.012884830920508817
132,2015,QQQ,3,16,12,19,0.06,1.039507533241821,-0.028497993240956365,9,-0.028497993240956365,-0.02867207689083473,-0.40232319434645614,-0.13047750269119962,0.3333333333333333,1,8,0.0976545506096015
132,2016,SPY,7,26,11,16,0.06,0.8267943209010483,0.06374505777522077,4,0.06374505777522077,0.06451922701606128,1.2959640091162858,-0.038925489644982436,0.5,0,4,0.1358576034341856
132,2016,QQQ,7,12,10,24,0.06,0.9462588491735819,0.01891322395687567,5,0.01891322395687567,0.019138003839449524,0.22040575499378146,-0.07613719829586407,0.6,1,4,0.09406165648849293
132,2017,SPY,7,26,11,16,0.06,0.8049175922138311,0.061338405939455054,3,0.061338405939455054,0.06226021427766648,1.610981037620843,-0.01877556752902343,0.6666666666666666,0,3,0.20781402698937476
132,2017,QQQ,3,16,12,19,0.06,0.9945259048748352,0.2594609261255032,5,0.2594609261255032,0.26370506223117585,2.3991066191109813,-0.050301956848852525,1.0,0,5,0.31487180295602923
132,2018,SPY,7,26,11,16,0.06,0.8849264008811596,-0.11660679469134994,6,-0.11660679469134994,-0.11728542269387077,-1.6573801125441434,-0.13621121233801547,0.3333333333333333,1,5,-0.05247172883209224
132,2018,QQQ,3,16,12,19,0.06,1.1125546560331998,-0.1327783884787508,7,-0.1327783884787508,-0.13354382540872378,-1.0930053151878392,-0.19322643613781165,0.42857142857142855,4,3,-0.01846528954211892
132,2019,SPY,7,26,3,9,0.06,0.8084296035218372,0.12643527710654978,4,0.12643527710654978,0.1272668514168731,2.3989873897965204,-0.019776040662862093,0.75,0,4,0.3108746917913159
132,2019,QQQ,5,12,12,13,0.06,1.1297553418940876,0.09038714999093456,6,0.09038714999093456,0.0909721473864391,1.2280231736667337,-0.04953012675201385,0.6666666666666666,0,6,0.38405316922701427
132,2020,SPY,9,10,4,25,0.06,1.1516908742466994,0.1117147070666975,5,0.1117147070666975,0.11211908895586786,0.8890258540788,-0.12994228161593013,0.4,4,1,0.17235288736209234
132,2020,QQQ,7,26,11,13,0.06,1.2120303010490825,0.053840799125046024,3,0.053840799125046024,0.05403059945938016,0.48736496107024313,-0.08485245820543397,0.6666666666666666,1,2,0.4596881111607568
132,2021,SPY,3,11,11,16,0.06,1.1273729350569734,0.10456002151936605,5,0.10456002151936605,0.10585397112352157,1.255436798634265,-0.0642772885584646,0.8,0,5,0.30505466635116707
132,2021,QQQ,4,12,6,23,0.06,1.2789282953003245,0.16114860850215917,7,0.16114860850215917,0.16319284118095223,1.051660152211879,-0.09551592502184625,0.42857142857142855,1,6,0.2924465763241905
132,2022,SPY,10,11,7,25,0.06,1.0818107255026308,0.057148735778659754,6,0.057148735778659754,0.05784063460999933,0.3754793874322968,-0.12484382338713151,0.5,4,2,-0.18646407230964557
132,2022,QQQ,8,12,8,24,0.05,1.301364231958736,-0.159110098471675,8,-0.159110098471675,-0.16082390899741306,-0.9338723265623937,-0.1942114531081972,0.125,8,0,-0.33219889549311576
132,2023,SPY,12,13,3,21,0.06,1.0546097036148885,0.12260700722605278,5,0.12260700722605278,0.12450201173854603,1.9891271934690231,-0.0712663697055862,0.6,0,5,0.26709219554611585
132,2023,QQQ,11,13,8,24,0.05,1.0922657442463535,0.19080916727794728,5,0.19080916727794728,0.19384570402152201,1.7759129871449044,-0.1536263127654861,0.6,3,2,0.5590953945240507
132,2024,SPY,12,13,3,21,0.03,1.2381834932520543,0.11224829092969424,5,0.11224829092969424,0.11265470037793013,1.192337571693646,-0.07615636600114317,0.6,2,3,0.2558930569325586
132,2024,QQQ,11,13,10,24,0.05,1.1922958349803832,0.03229746128047495,3,0.03229746128047495,0.03241015114716905,0.6689352262808511,-0.12554781880569055,0.6666666666666666,2,1,0.27739912351043966
132,2025,SPY,8,10,9,17,0.03,1.2481151571969424,0.26869885116944037,7,0.26869885116944037,0.27057176107946046,2.1368916179983977,-0.09166153099377039,0.5714285714285714,2,5,0.18009014616634136
132,2025,QQQ,8,11,10,24,0.05,1.1352402929980285,0.20229092742107047,5,0.20229092742107047,0.2036646248159526,1.2963552747015499,-0.15323409080676587,0.4,3,2,0.2100925351496274
132,2026,SPY,8,10,9,17,0.03,1.4012928433501504,-0.05044844796111447,4,-0.05044844796111447,-0.13439862782932788,0.9937506150889134,-0.055149451436311,0.5,1,3,0.08953447287954783
132,2026,QQQ,11,13,8,24,0.05,1.167048013009857,-0.021410371732060063,3,-0.021410371732060063,-0.05855941190012537,2.8182653550018637,-0.046254148065764666,0.3333333333333333,0,3,0.16716334214052678
144,2010,SPY,8,16,12,26,0.06,0.5494273972954588,-0.003936852801885493,4,-0.003936852801885493,-0.003983108365318788,0.23661701938265198,-0.16460283223796224,0.5,2,2,0.1313735269038964
144,2010,QQQ,4,19,12,13,0.05,0.6985878962201675,0.007894112479059023,5,0.007894112479059023,0.007987418888043996,0.2839005452794287,-0.10438033545398973,0.2,1,4,0.18409719535700955
144,2011,SPY,3,25,11,14,0.06,0.672936851381223,0.02364016511347833,6,0.02364016511347833,0.02392178008969581,0.2689615164971361,-0.058612065146751324,0.6666666666666666,0,6,0.00852378384500883
144,2011,QQQ,11,12,9,20,0.05,0.5555829858956232,0.0187093043978126,9,0.0187093043978126,0.018931638292690067,0.09846166553607802,-0.08400626756406215,0.4444444444444444,3,6,0.018855547560075014
144,2012,SPY,3,25,11,14,0.06,0.6971697868561282,-0.010549273607735277,5,-0.010549273607735277,-0.010614313412042997,0.12866704292773776,-0.06502278702107944,0.6,0,5,0.14170827619033866
144,2012,QQQ,11,12,10,17,0.05,0.4506565428486845,0.08447223991689712,5,0.08447223991689712,0.08501748189279201,0.7382511932002788,-0.06352905090872896,0.6,1,4,0.1589142123422044
144,2013,SPY,3,25,11,14,0.06,0.95247722503123,0.10265400173900696,6,0.10265400173900696,0.10332208432939427,1.5839773073047416,-0.04383225255805934,1.0,0,6,0.29001440765549635
144,2013,QQQ,7,12,12,14,0.06,0.5802800698031269,0.05650177987691607,12,0.05650177987691607,0.05686177154882599,0.6728341520792638,-0.049815490421860065,0.5833333333333334,0,12,0.32425326624091155
144,2014,SPY,3,24,11,14,0.06,1.0011723969124875,0.03652534457126633,5,0.03652534457126633,0.03675585213225285,0.3886999274094259,-0.05035442687803837,0.8,0,5,0.14561754283015402
144,2014,QQQ,11,12,11,21,0.05,0.8151012443914396,-0.021807685297357104,7,-0.021807685297357104,-0.021941363043236684,-0.26680820086627594,-0.10108621936163376,0.42857142857142855,4,3,0.20123707495275042
144,2015,SPY,3,24,11,14,0.06,0.9619181832841496,-0.12837260494192182,11,-0.12837260494192182,-0.1291145764622984,-1.4655184438343172,-0.17794255126228564,0.2727272727272727,1,10,0.012884830920508817
144,2015,QQQ,3,15,12,19,0.06,1.0098026616332991,-0.023128234413108517,9,-0.023128234413108517,-0.023269910237729396,-0.3595797721366454,-0.12592545175275038,0.3333333333333333,1,8,0.0976545506096015
144,2016,SPY,7,26,11,16,0.06,0.8063492402361602,0.06374505777522077,4,0.06374505777522077,0.06451922701606128,1.2959640091162858,-0.038925489644982436,0.5,0,4,0.1358576034341856
144,2016,QQQ,3,16,12,19,0.06,0.9208743856319125,0.14021561641049063,6,0.14021561641049063,0.14197838609702873,1.1918286739866413,-0.06745454159091546,0.8333333333333334,0,6,0.09406165648849293
144,2017,SPY,7,26,11,16,0.06,0.8135123951060782,0.061338405939455054,3,0.061338405939455054,0.06226021427766648,1.610981037620843,-0.01877556752902343,0.6666666666666666,0,3,0.20781402698937476
144,2017,QQQ,3,16,12,19,0.06,0.9178961212470373,0.2594609261255032,5,0.2594609261255032,0.26370506223117585,2.3991066191109813,-0.050301956848852525,1.0,0,5,0.31487180295602923
144,2018,SPY,8,26,8,21,0.06,0.851632810939345,-0.0771849242984074,6,-0.0771849242984074,-0.0776442712644948,-1.0132034531662102,-0.10826010679378861,0.3333333333333333,1,5,-0.05247172883209224
144,2018,QQQ,3,16,12,19,0.06,1.0693469440009093,-0.1327783884787508,7,-0.1327783884787508,-0.13354382540872378,-1.0930053151878392,-0.19322643613781165,0.42857142857142855,4,3,-0.01846528954211892
144,2019,SPY,8,26,12,16,0.06,0.7466141732437185,0.0904922058533828,3,0.0904922058533828,0.09107791116544717,2.5253199377398796,-0.041196219366009035,0.6666666666666666,0,3,0.3108746917913159
144,2019,QQQ,5,12,12,13,0.06,1.0037615755801552,0.09038714999093456,6,0.09038714999093456,0.0909721473864391,1.2280231736667337,-0.04953012675201385,0.6666666666666666,0,6,0.38405316922701427
144,2020,SPY,7,24,12,13,0.06,0.9373643223381373,-0.04172893191822402,5,-0.04172893191822402,-0.04186918920228144,-0.3805022421027599,-0.10511480195860046,0.6,2,3,0.17235288736209234
144,2020,QQQ,5,12,12,13,0.06,1.2259895168685746,-0.04007676278058292,7,-0.04007676278058292,-0.040211584152655244,-0.6418164186237217,-0.07130342591089067,0.42857142857142855,0,7,0.4596881111607568
144,2021,SPY,3,11,11,16,0.06,1.1202396522581104,0.10456002151936605,5,0.10456002151936605,0.10585397112352157,1.255436798634265,-0.0642772885584646,0.8,0,5,0.30505466635116707
144,2021,QQQ,3,16,10,24,0.06,1.3174934350990841,0.18860790382125803,4,0.18860790382125803,0.19102816713432413,1.2287095502990641,-0.09930260958306358,0.75,1,3,0.2924465763241905
144,2022,SPY,3,12,11,16,0.06,1.1374769280974175,-0.12919944555743346,9,-0.12919944555743346,-0.13061654993996819,-0.8903771007884463,-0.1907455265419028,0.3333333333333333,3,6,-0.18646407230964557
144,2022,QQQ,5,12,11,15,0.06,1.3302294242431358,-0.0548190518863676,8,-0.0548190518863676,-0.055446198511371225,-0.28858976708588696,-0.16614909960880253,0.5,5,3,-0.33219889549311576
144,2023,SPY,10,11,7,25,0.06,0.9824097797589267,0.0978173107762228,6,0.0978173107762228,0.09931242899796522,1.6237301186707511,-0.11035051190032241,0.5,0,6,0.26709219554611585
144,2023,QQQ,11,13,10,24,0.05,1.0896746965374473,0.19080916727794728,5,0.19080916727794728,0.19384570402152201,1.7759129871449044,-0.1536263127654861,0.6,3,2,0.5590953945240507
144,2024,SPY,12,13,3,21,0.06,1.126571076692038,0.1243621179094796,5,0.1243621179094796,0.1248147951447387,1.3007977293082396,-0.06644027331441527,0.6,0,5,0.2558930569325586
144,2024,QQQ,11,13,8,24,0.05,1.1550546083347353,0.06658361304114946,3,0.06658361304114946,0.06681974040668792,0.9138108549570655,-0.12554781880569,0.6666666666666666,2,1,0.27739912351043966
144,2025,SPY,12,13,3,21,0.03,1.2306892888518326,0.1540946310498943,8,0.1540946310498943,0.15512029575394148,0.902253137277153,-0.08414041527572147,0.5,4,4,0.18009014616634136
144,2025,QQQ,8,11,10,24,0.05,1.1913901581587258,0.20229092742107047,5,0.20229092742107047,0.2036646248159526,1.2963552747015499,-0.15323409080676587,0.4,3,2,0.2100925351496274
144,2026,SPY,8,10,9,17,0.03,1.3215988681138646,-0.05044844796111447,4,-0.05044844796111447,-0.13439862782932788,0.9937506150889134,-0.055149451436311,0.5,1,3,0.08953447287954783
144,2026,QQQ,8,11,5,19,0.06,1.1682494029276218,-0.05234615078851512,3,-0.05234615078851512,-0.13921333875273612,2.394844397687319,-0.05763424427357,0.0,0,3,0.16716334214052678
156,2010,SPY,8,16,3,26,0.06,0.6893958433499093,0.09345669955905866,4,0.09345669955905866,0.09460743887094614,1.2955841917782367,-0.10499517780101664,0.5,0,4,0.1313735269038964
156,2010,QQQ,11,13,9,20,0.05,0.7377985359595024,0.15872861917126757,5,0.15872861917126757,0.16074008117011207,1.1570344678906181,-0.11707706551890829,0.4,4,1,0.18409719535700955
156,2011,SPY,3,25,11,14,0.06,0.6761865166669401,0.02364016511347833,6,0.02364016511347833,0.02392178008969581,0.2689615164971361,-0.058612065146751324,0.6666666666666666,0,6,0.00852378384500883
156,2011,QQQ,8,13,12,13,0.05,0.7081352282323938,-0.17923612657021815,12,-0.17923612657021815,-0.18114249040317054,-1.5737094322582275,-0.20987991944416262,0.3333333333333333,2,10,0.018855547560075014
156,2012,SPY,3,25,11,14,0.06,0.6871399974457683,-0.010549273607735277,5,-0.010549273607735277,-0.010614313412042997,0.12866704292773776,-0.06502278702107944,0.6,0,5,0.14170827619033866
156,2012,QQQ,11,12,9,20,0.05,0.5477120535124052,0.031199743375458944,4,0.031199743375458944,0.031396134829288824,0.3655156211208944,-0.07182746316023736,0.5,1,3,0.1589142123422044
156,2013,SPY,3,25,11,14,0.06,0.7304079992031316,0.10265400173900696,6,0.10265400173900696,0.10332208432939427,1.5839773073047416,-0.04383225255805934,1.0,0,6,0.29001440765549635
156,2013,QQQ,11,12,10,17,0.05,0.5207515842397283,0.20830610098289593,8,0.20830610098289593,0.20972409164512618,2.21024953440106,-0.04229367359781211,0.875,0,8,0.32425326624091155
156,2014,SPY,3,25,11,14,0.06,0.9947312743374693,0.03795251975909597,5,0.03795251975909597,0.0381921989230658,0.4113066302352829,-0.05035442687803837,0.8,0,5,0.14561754283015402
156,2014,QQQ,8,10,12,24,0.04,0.6436212424361567,0.0550167646853601,7,0.0550167646853601,0.05536704909259438,0.384753893524084,-0.10183396027092262,0.42857142857142855,4,3,0.20123707495275042
156,2015,SPY,3,24,11,14,0.06,0.9651471746497505,-0.12837260494192182,11,-0.12837260494192182,-0.1291145764622984,-1.4655184438343172,-0.17794255126228564,0.2727272727272727,1,10,0.012884830920508817
156,2015,QQQ,3,26,12,18,0.06,0.7923041180082273,-0.050031857826852155,10,-0.050031857826852155,-0.05033403405154013,-0.5256300639798245,-0.1184262868275554,0.3,1,9,0.0976545506096015
156,2016,SPY,7,26,11,16,0.06,0.8103988362720475,0.06374505777522077,4,0.06374505777522077,0.06451922701606128,1.2959640091162858,-0.038925489644982436,0.5,0,4,0.1358576034341856
156,2016,QQQ,3,15,12,19,0.06,0.9088272318451238,0.15568878057428015,6,0.15568878057428015,0.15765916357311127,1.2943660338194531,-0.061514819229617324,0.8333333333333334,0,6,0.09406165648849293
156,2017,SPY,4,25,11,16,0.06,0.8100515463668657,0.06144705974142606,3,0.06144705974142606,0.06237054844233647,1.5614898669921666,-0.023379618556583548,0.6666666666666666,0,3,0.20781402698937476
156,2017,QQQ,3,16,12,19,0.06,0.8999330085695004,0.2594609261255032,5,0.2594609261255032,0.26370506223117585,2.3991066191109813,-0.050301956848852525,1.0,0,5,0.31487180295602923
156,2018,SPY,8,26,8,21,0.06,0.8428720010412499,-0.0771849242984074,6,-0.0771849242984074,-0.0776442712644948,-1.0132034531662102,-0.10826010679378861,0.3333333333333333,1,5,-0.05247172883209224
156,2018,QQQ,3,16,12,19,0.06,0.9929250968160072,-0.1327783884787508,7,-0.1327783884787508,-0.13354382540872378,-1.0930053151878392,-0.19322643613781165,0.42857142857142855,4,3,-0.01846528954211892
156,2019,SPY,8,26,12,16,0.06,0.7471579273519293,0.0904922058533828,3,0.0904922058533828,0.09107791116544717,2.5253199377398796,-0.041196219366009035,0.6666666666666666,0,3,0.3108746917913159
156,2019,QQQ,3,16,10,24,0.05,0.9268738790209082,0.08281545037889959,3,0.08281545037889959,0.08334959274911657,1.4872168936175372,-0.12195074001946193,0.3333333333333333,2,1,0.38405316922701427
156,2020,SPY,7,24,12,13,0.06,0.8647777165066286,-0.04172893191822402,5,-0.04172893191822402,-0.04186918920228144,-0.3805022421027599,-0.10511480195860046,0.6,2,3,0.17235288736209234
156,2020,QQQ,5,12,12,13,0.06,1.10221059630207,-0.04007676278058292,7,-0.04007676278058292,-0.040211584152655244,-0.6418164186237217,-0.07130342591089067,0.42857142857142855,0,7,0.4596881111607568
156,2021,SPY,8,13,3,21,0.06,0.8864363488749418,0.09336454424004237,8,0.09336454424004237,0.0945141005423944,0.91238365151387,-0.04179996138114206,0.75,0,8,0.30505466635116707
156,2021,QQQ,5,12,10,25,0.06,1.1700830132512485,0.18152485336641422,4,0.18152485336641422,0.18384738893632724,1.3751015140862004,-0.09630386914740752,0.75,1,3,0.2924465763241905
156,2022,SPY,10,11,7,25,0.06,1.1253553033100885,0.057148735778659754,6,0.057148735778659754,0.05784063460999933,0.3754793874322968,-0.12484382338713151,0.5,4,2,-0.18646407230964557
156,2022,QQQ,5,12,10,25,0.06,1.3355762420714674,-0.11606907492005925,7,-0.11606907492005925,-0.11735204532282484,-0.5470385962198211,-0.1915712979316948,0.2857142857142857,7,0,-0.33219889549311576
156,2023,SPY,12,13,3,21,0.06,1.0520537012256403,0.12260700722605278,5,0.12260700722605278,0.12450201173854603,1.9891271934690231,-0.0712663697055862,0.6,0,5,0.26709219554611585
156,2023,QQQ,5,12,11,15,0.06,1.1237758839754795,0.1098592955081783,8,0.1098592955081783,0.11154764017966201,0.8425225447117736,-0.11201887907569508,0.375,1,7,0.5590953945240507
156,2024,SPY,12,13,4,18,0.06,1.0492564761612182,0.08345889831433606,6,0.08345889831433606,0.08375718303489599,0.9007758305642466,-0.07548933643586087,0.6666666666666666,0,6,0.2558930569325586
156,2024,QQQ,8,11,10,24,0.05,1.1489572262897678,0.1147193113214724,3,0.1147193113214724,0.11513512186951314,1.2981641463972935,-0.1173552263756864,0.6666666666666666,2,1,0.27739912351043966
156,2025,SPY,10,11,3,21,0.06,1.143431572510839,0.07352154866108318,7,0.07352154866108318,0.07399372078194322,0.6247031034463342,-0.15687038824901234,0.42857142857142855,1,6,0.18009014616634136
156,2025,QQQ,8,11,9,23,0.05,1.1758745550242613,0.1987844747653531,5,0.1987844747653531,0.2001324387186969,1.2672252747603951,-0.15323409080676587,0.6,3,2,0.2100925351496274
156,2026,SPY,8,10,9,17,0.03,1.2426309212854632,-0.05044844796111447,4,-0.05044844796111447,-0.13439862782932788,0.9937506150889134,-0.055149451436311,0.5,1,3,0.08953447287954783
156,2026,QQQ,8,11,10,24,0.05,1.198464713494638,-0.05289166473561424,2,-0.05289166473561424,-0.14059419045676924,2.241775101373711,-0.07501902217026601,0.0,1,1,0.16716334214052678
168,2010,SPY,12,24,7,23,0.06,0.6707272721455019,0.05661468015499693,4,0.05661468015499693,0.05729993958412405,0.7706912687450328,-0.11206145691950598,0.75,0,4,0.1313735269038964
168,2010,QQQ,11,13,9,20,0.05,0.7727542715486467,0.15872861917126757,5,0.15872861917126757,0.16074008117011207,1.1570344678906181,-0.11707706551890829,0.4,4,1,0.18409719535700955
168,2011,SPY,7,24,11,14,0.06,0.8021598809350806,0.006649421649810305,6,0.006649421649810305,0.0067279670710769235,0.05600864486841162,-0.04928790357957957,0.3333333333333333,0,6,0.00852378384500883
168,2011,QQQ,6,24,11,12,0.05,0.7590408098643548,-0.01699984750902417,5,-0.01699984750902417,-0.01719825332311864,-0.15000955811689437,-0.08313366088209806,0.4,0,5,0.018855547560075014
168,2012,SPY,3,25,11,14,0.06,0.6890819099259737,-0.010549273607735277,5,-0.010549273607735277,-0.010614313412042997,0.12866704292773776,-0.06502278702107944,0.6,0,5,0.14170827619033866
168,2012,QQQ,11,12,9,20,0.05,0.6842534056060152,0.031199743375458944,4,0.031199743375458944,0.031396134829288824,0.3655156211208944,-0.07182746316023736,0.5,1,3,0.1589142123422044
168,2013,SPY,3,25,11,14,0.06,0.7188052358023244,0.10265400173900696,6,0.10265400173900696,0.10332208432939427,1.5839773073047416,-0.04383225255805934,1.0,0,6,0.29001440765549635
168,2013,QQQ,11,12,9,20,0.05,0.5860175124156977,0.1828991777046982,5,0.1828991777046982,0.1841313663156121,2.2625953354950656,-0.04124974501964884,1.0,0,5,0.32425326624091155
168,2014,SPY,3,25,11,14,0.06,0.7785556101111163,0.03795251975909597,5,0.03795251975909597,0.0381921989230658,0.4113066302352829,-0.05035442687803837,0.8,0,5,0.14561754283015402
168,2014,QQQ,11,12,10,17,0.05,0.593872999633562,-0.004450560691457439,8,-0.004450560691457439,-0.00447808495283053,-0.13903713024607461,-0.09636361560015239,0.375,3,5,0.20123707495275042
168,2015,SPY,3,25,11,14,0.06,0.9626516492968626,-0.13221316055011734,11,-0.13221316055011734,-0.13297559483378585,-1.5101104161078562,-0.18158902798797671,0.2727272727272727,1,10,0.012884830920508817
168,2015,QQQ,3,18,12,19,0.05,0.634466132318389,-0.03561033677160019,9,-0.03561033677160019,-0.0358270600954278,-0.46019686161235546,-0.13656847572996889,0.3333333333333333,1,8,0.0976545506096015
168,2016,SPY,3,24,11,14,0.06,0.7640553126338021,0.07601541258028766,6,0.07601541258028766,0.076943914516995,0.818175969017857,-0.07966918396378131,0.3333333333333333,0,6,0.1358576034341856
168,2016,QQQ,3,14,12,19,0.06,0.7155680076488552,0.15360618020306482,6,0.15360618020306482,0.15554847494028134,1.2613490979653188,-0.061514819229617324,0.8333333333333334,0,6,0.09406165648849293
168,2017,SPY,4,25,11,16,0.06,0.81833027651231,0.06144705974142606,3,0.06144705974142606,0.06237054844233647,1.5614898669921666,-0.023379618556583548,0.6666666666666666,0,3,0.20781402698937476
168,2017,QQQ,3,15,12,19,0.06,0.8964035059618505,0.2594609261255032,5,0.2594609261255032,0.26370506223117585,2.3991066191109813,-0.050301956848852525,1.0,0,5,0.31487180295602923
168,2018,SPY,4,25,11,16,0.06,0.8283689084657632,-0.128549911732582,6,-0.128549911732582,-0.1292928302819355,-1.5999456565125327,-0.1506318835376721,0.3333333333333333,2,4,-0.05247172883209224
168,2018,QQQ,3,16,12,19,0.06,0.970863532048913,-0.1327783884787508,7,-0.1327783884787508,-0.13354382540872378,-1.0930053151878392,-0.19322643613781165,0.42857142857142855,4,3,-0.01846528954211892
168,2019,SPY,8,26,12,16,0.06,0.7606667125051104,0.0904922058533828,3,0.0904922058533828,0.09107791116544717,2.5253199377398796,-0.041196219366009035,0.6666666666666666,0,3,0.3108746917913159
168,2019,QQQ,9,13,8,24,0.05,0.8844846644754322,0.09082503578588796,3,0.09082503578588796,0.09141298428190536,1.4629788966632171,-0.11568932723429726,0.3333333333333333,2,1,0.38405316922701427
168,2020,SPY,8,26,12,16,0.06,0.8360718341303087,0.04958788533610714,5,0.04958788533610714,0.04976234190540785,0.3846636708865616,-0.13157113710998936,0.6,3,2,0.17235288736209234
168,2020,QQQ,5,12,10,25,0.05,0.9719165675313886,0.042700972342014865,4,0.042700972342014865,0.04285070820351344,0.8801181015901315,-0.12925641372630303,0.25,4,0,0.4596881111607568
168,2021,SPY,8,13,3,21,0.06,0.8699842918731914,0.09336454424004237,8,0.09336454424004237,0.0945141005423944,0.91238365151387,-0.04179996138114206,0.75,0,8,0.30505466635116707
168,2021,QQQ,8,13,12,26,0.05,1.1476989504869286,0.13643558197101613,4,0.13643558197101613,0.13814801197790594,1.0679131957488968,-0.09424772777438795,0.75,2,2,0.2924465763241905
168,2022,SPY,3,23,10,12,0.04,0.9197607235076035,0.013358657311188571,7,0.013358657311188571,0.013516984997975046,0.1356341905976749,-0.0668413963229314,0.2857142857142857,2,5,-0.18646407230964557
168,2022,QQQ,5,12,11,15,0.06,1.220668021898169,-0.0548190518863676,8,-0.0548190518863676,-0.055446198511371225,-0.28858976708588696,-0.16614909960880253,0.5,5,3,-0.33219889549311576
168,2023,SPY,10,11,7,25,0.06,1.043408954972516,0.0978173107762228,6,0.0978173107762228,0.09931242899796522,1.6237301186707511,-0.11035051190032241,0.5,0,6,0.26709219554611585
168,2023,QQQ,3,16,10,24,0.06,1.1529604319303992,0.14342238382194505,5,0.14342238382194505,0.14565943837846818,1.5452027182805612,-0.15272923815021056,0.6,2,3,0.5590953945240507
168,2024,SPY,12,13,3,21,0.06,1.1098246571175072,0.1243621179094796,5,0.1243621179094796,0.1248147951447387,1.3007977293082396,-0.06644027331441527,0.6,0,5,0.2558930569325586
168,2024,QQQ,11,13,10,24,0.05,1.1722939669463242,0.03229746128047495,3,0.03229746128047495,0.03241015114716905,0.6689352262808511,-0.12554781880569055,0.6666666666666666,2,1,0.27739912351043966
168,2025,SPY,10,11,7,25,0.06,1.0597110594564443,0.13264670323768746,4,0.13264670323768746,0.1335214987325195,1.5042952335972393,-0.11135735847700823,0.25,1,3,0.18009014616634136
168,2025,QQQ,8,11,10,24,0.05,1.1577631990061585,0.20229092742107047,5,0.20229092742107047,0.2036646248159526,1.2963552747015499,-0.15323409080676587,0.4,3,2,0.2100925351496274
168,2026,SPY,8,10,8,17,0.03,1.1920671020750375,0.001199234967024676,4,0.001199234967024676,0.003347254753176987,2.756418766724098,-0.02860010577158223,0.5,0,4,0.08953447287954783
168,2026,QQQ,8,12,8,24,0.05,1.194263616025015,-0.011022430069490219,3,-0.011022430069490219,-0.030430396707047502,3.3356837850500964,-0.04608644995202493,0.6666666666666666,0,3,0.16716334214052678
180,2010,SPY,8,16,7,26,0.06,0.7416137313772848,0.020558611245746095,4,0.020558611245746095,0.020803145109139054,0.44601907870653007,-0.16460283223796224,0.75,2,2,0.1313735269038964
180,2010,QQQ,11,13,9,20,0.05,0.7748126953981924,0.15872861917126757,5,0.15872861917126757,0.16074008117011207,1.1570344678906181,-0.11707706551890829,0.4,4,1,0.18409719535700955
180,2011,SPY,7,24,12,13,0.06,0.7647091189696217,-0.03263499059376007,6,-0.03263499059376007,-0.03301278512589001,-0.5127255938767011,-0.04633764049221367,0.16666666666666666,0,6,0.00852378384500883
180,2011,QQQ,8,12,11,12,0.06,0.7939135339379082,-0.26045706093004484,12,-0.26045706093004484,-0.26307936069201643,-2.2559354864026058,-0.28901529937636006,0.16666666666666666,3,9,0.018855547560075014
180,2012,SPY,7,24,11,14,0.06,0.7957539807303966,-0.03561981371118461,2,-0.03561981371118461,-0.03583659363316849,-0.47786518258871546,-0.06527239958047604,0.5,0,2,0.14170827619033866
180,2012,QQQ,11,12,9,20,0.05,0.7263563446230554,0.031199743375458944,4,0.031199743375458944,0.031396134829288824,0.3655156211208944,-0.07182746316023736,0.5,1,3,0.1589142123422044
180,2013,SPY,3,25,11,14,0.06,0.7183521395312386,0.10265400173900696,6,0.10265400173900696,0.10332208432939427,1.5839773073047416,-0.04383225255805934,1.0,0,6,0.29001440765549635
180,2013,QQQ,6,24,11,12,0.05,0.7537441175666131,0.06422942496523132,7,0.06422942496523132,0.06464014059132417,1.116966890069758,-0.028275346196868112,0.5714285714285714,0,7,0.32425326624091155
180,2014,SPY,3,25,11,14,0.06,0.7644824194589432,0.03795251975909597,5,0.03795251975909597,0.0381921989230658,0.4113066302352829,-0.05035442687803837,0.8,0,5,0.14561754283015402
180,2014,QQQ,11,12,9,20,0.05,0.6497232463527395,0.006117503887068665,7,0.006117503887068665,0.006155538765731494,-0.043537716536886886,-0.08647605613747222,0.42857142857142855,3,4,0.20123707495275042
180,2015,SPY,3,25,11,14,0.06,0.7592453681838179,-0.13221316055011734,11,-0.13221316055011734,-0.13297559483378585,-1.5101104161078562,-0.18158902798797671,0.2727272727272727,1,10,0.012884830920508817
180,2015,QQQ,11,12,10,17,0.05,0.5622194190266652,-0.10939034042441953,11,-0.10939034042441953,-0.11002963322767112,-0.8517080257651938,-0.1588346353667438,0.45454545454545453,2,9,0.0976545506096015
180,2016,SPY,3,25,11,14,0.06,0.7716401357998115,0.07601541258028766,6,0.07601541258028766,0.076943914516995,0.818175969017857,-0.07966918396378131,0.3333333333333333,0,6,0.1358576034341856
180,2016,QQQ,3,14,12,19,0.06,0.5712026705153387,0.15360618020306482,6,0.15360618020306482,0.15554847494028134,1.2613490979653188,-0.061514819229617324,0.8333333333333334,0,6,0.09406165648849293
180,2017,SPY,3,24,11,14,0.06,0.7579937129738235,0.08021684231078097,3,0.08021684231078097,0.08143306884955037,1.9219101091435613,-0.018763775017185513,0.6666666666666666,0,3,0.20781402698937476
180,2017,QQQ,3,14,12,19,0.06,0.712669880099223,0.21375393983461355,6,0.21375393983461355,0.21718770822961453,2.139912966929054,-0.04963639209332682,0.8333333333333334,0,6,0.31487180295602923
180,2018,SPY,8,26,8,22,0.06,0.858448054541289,-0.09752119406429316,6,-0.09752119406429316,-0.09809499968652002,-1.2448154066016677,-0.12789469136341913,0.3333333333333333,2,4,-0.05247172883209224
180,2018,QQQ,3,15,12,19,0.06,0.9594588996431338,-0.14076640961873388,7,-0.14076640961873388,-0.1415740349529302,-1.1704105981923807,-0.19305458793839803,0.42857142857142855,4,3,-0.01846528954211892
180,2019,SPY,8,26,12,16,0.06,0.7402345659233519,0.0904922058533828,3,0.0904922058533828,0.09107791116544717,2.5253199377398796,-0.041196219366009035,0.6666666666666666,0,3,0.3108746917913159
180,2019,QQQ,8,11,11,26,0.05,0.8506459069256077,0.1106998812213118,3,0.1106998812213118,0.11142292281544641,1.568365838117752,-0.1178885899081833,0.3333333333333333,2,1,0.38405316922701427
180,2020,SPY,8,26,12,16,0.06,0.8447378225596842,0.04958788533610714,5,0.04958788533610714,0.04976234190540785,0.3846636708865616,-0.13157113710998936,0.6,3,2,0.17235288736209234
180,2020,QQQ,7,13,10,24,0.05,0.9292905587027079,0.43821643573672664,3,0.43821643573672664,0.44001238188645386,2.3347998806920423,-0.10700138627592026,0.3333333333333333,3,0,0.4596881111607568
180,2021,SPY,4,12,12,18,0.06,0.8324261600035077,0.12845678097875868,4,0.12845678097875868,0.13006344829812466,1.2950008271378992,-0.06513858849170684,0.75,0,4,0.30505466635116707
180,2021,QQQ,7,13,10,24,0.05,1.1258698224315071,0.13460792987758952,4,0.13460792987758952,0.13629607433895186,1.056968016259081,-0.09989999536188887,0.75,2,2,0.2924465763241905
180,2022,SPY,8,13,3,21,0.06,0.8686813470049699,0.10753600465652746,7,0.10753600465652746,0.10886856513338472,0.7056306987200125,-0.1011166238648531,0.5714285714285714,2,5,-0.18646407230964557
180,2022,QQQ,5,12,10,25,0.06,1.1625595259211003,-0.11606907492005925,7,-0.11606907492005925,-0.11735204532282484,-0.5470385962198211,-0.1915712979316948,0.2857142857142857,7,0,-0.33219889549311576
180,2023,SPY,3,23,10,13,0.06,0.8645541437562948,0.015145673456409492,5,0.015145673456409492,0.015368236519784029,1.2852293596752096,-0.07394608290631477,0.4,0,5,0.26709219554611585
180,2023,QQQ,5,12,11,15,0.06,1.0653416860689733,0.1098592955081783,8,0.1098592955081783,0.11154764017966201,0.8425225447117736,-0.11201887907569508,0.375,1,7,0.5590953945240507
180,2024,SPY,10,11,7,25,0.06,1.075573733356107,0.1812273476425188,5,0.1812273476425188,0.18190315272679491,1.5885589577270198,-0.07423293779825135,0.6,0,5,0.2558930569325586
180,2024,QQQ,3,16,10,24,0.06,1.1808786592380849,-0.01628871051677039,4,-0.01628871051677039,-0.016344187397631993,0.4588562231893887,-0.14214839501700072,0.25,2,2,0.27739912351043966
180,2025,SPY,12,13,3,21,0.06,1.115804388541636,0.09738203622209074,8,0.09738203622209074,0.09801430610630835,0.5606031214522694,-0.11039914953291552,0.5,2,6,0.18009014616634136
180,2025,QQQ,8,11,10,24,0.05,1.1745217796430332,0.20229092742107047,5,0.20229092742107047,0.2036646248159526,1.2963552747015499,-0.15323409080676587,0.4,3,2,0.2100925351496274
180,2026,SPY,8,10,9,17,0.03,1.114292548520422,-0.05044844796111447,4,-0.05044844796111447,-0.13439862782932788,0.9937506150889134,-0.055149451436311,0.5,1,3,0.08953447287954783
180,2026,QQQ,8,11,10,24,0.05,1.1663560196052294,-0.05289166473561424,2,-0.05289166473561424,-0.14059419045676924,2.241775101373711,-0.07501902217026601,0.0,1,1,0.16716334214052678
